Tweet,Topic
الرواتر المفروض هايجيلي يبقي كده الخدمه اشتغلت الخط الارضي بتاعي ؟,ADSL
اشترك النت واجيب راوتر المطلوب وايه العروض المتاحه,ADSL
كنتو بتطبقوا سياسه تحسين جوده استخدام عادل ايا المسمي ولينك كده ؟ اقصد هل سرعه adsl الغير محدود بتقل تحميل معين الجيجا بايتس ؟,ADSL
اتصل برقم علشان ادفع فلوس النت الشهري adsl,ADSL
خدمهAdsl مشترك وقالولي الخط تحول نحاس لفايبر وقدمت اكتوبر لحذ النت مجاش,ADSL
بالنسبه لباقه انترنت ADSL تورنيدو لما تخلص جيجا السرعه بتنزل لكام ؟ الخدمه توقف ؟ سريعا,ADSL
عدهاشترك adsl النت بيجي تمام اقدم وعلي مايجي يتفعل اقدم الكتسليشن نمبر وقت التفعيل ؟ المهم اجراءات التوصيل للسنترال تشتغل ؟ والرقم مايطلع اقدمو ؟ ؟,ADSL
اشتركت واستلمت الراوتر ولسه لحد الخدمه وصلتش وبكلم خدمه العملاء يقولوا استني الرساله الموبايل ومفيش وصلت كدا كتير,ADSL
عروض Adsl الجديده,ADSL
السلام عليكم عميل تي داتا ينفع اشترك معاكوا سرعه ميجا لازم انهي الخدمه ينفع خطين خط ميجا ونفس تي داتا اشترك معاكوا ضروري,ADSL
وبالنسبه اقدم راوتر نت تقولولي بالظبط وايه الاسعار بتاع خطوط النت,ADSL
عروض adsl ? ?,ADSL
الباقي م باقه انتر نت ADSL,ADSL
مقدم واستلمت الروتر وماعرفش الخدمه هاتشتغل ولما اتصلت بيكم وادخل الرقم الارضي الرقم غلط ؟,ADSL
خدمه النت اشتغلت قيمه الفاتوره هدفعها وميعاد الدفع لان شهر ليا,ADSL
سمعت راوتر بدون خج ارضي صحيح ؟ واعمل,ADSL
مشغل نت واي فاي ميجا وگنت السرعه مفتوحه محدده,ADSL
مشتركه فيadslوده شهر ودفعت تامين التعاقد هل حيتاخد منه رسوم شهر والا ادفع تاني,ADSL
راوتر اشتريه منين وايه امكانياته وهدفع شهر استخدم انترنت محدود وشكرا,ADSL
الروتر بتاعي بقاله فتره كبيره فاصل حبه اشغله تاني المفروض,ADSL
احول ل سرعه ميجا بالعرض الجديد اروح احول وادفع الاشتراك الجديد ؟ ؟,ADSL
اشتريت خط adsl واستلمت الراوتر الخدمه هتشتغل ؟ ؟ !,ADSL
روتر طريق الشبكه وبيشغل نت مفتوح وبكام واسعار السرعات,ADSL
ركم بتاع النت,ADSL
اشترك راوتر الباقات المحدوده,ADSL
سعر راوتر هاواي Hg e سمارت adsl بكم عندكم,ADSL
اخدت روتر عندكم واشتركت adsl الخدمه هتشتغل,ADSL
حبيت ابقي وكيل لاتصلات adsl مطلوب لان السنترال عدنا الخدمه متوفره,ADSL
الرواتر فاصل عنه النت ارجعه وبيقول تجديد بيانات العملاء وببعت الايميل والرقم ومبيبعتش الكود,ADSL
ادخل النت بالمنزل سرعه منا,ADSL
حضرتك الراوتر بتاعي اغير default port ل بالظبط ؟,ADSL
اغير النت ADSL ميجا ل ميجا هيتغير هوا تجديد السعه الدفع هوا,ADSL
باقات adsl والروتر مجاني النظام ؟ ؟,ADSL
اشتركت Adsl ميجا خصم لمده شهور هدفع مصاريف تعاقد شهر,ADSL
فضلك اسعار سرعات النت ؟,ADSL
مشتري خط انترنت عندكم للاسف سرعته ضعيفه جدا اقل كب دلوقت,ADSL
عروض جديده للانترنت الارضي ؟,ADSL
اركب نت عايزاستفسر,ADSL
ترد عليا مشترك خط نت العرض هوا ميجا تمام بيديني جيجا بايت تحميل السؤال بقا دول تحميل ونصفح تحميل ولما يخلصو بيحصل ! ! وشكرا,ADSL
اجيب خط نت شركه الخط الارضي,ADSL
مشترك سرعه ميجا التليفون الارضي وكميه الجيجات خلصت اشتري جيجات زياده,ADSL
اوصل خط ADSL وعايز اسعار الخطوط ميجا ؟,ADSL
سمحتوا معنديش تليفون ارضي ادخل نت كنت الاسعار,ADSL
كنت فصلت النت شهور مكنتش دفعت الفاتوره فصل لوحده دلوقت ارجعه ؟ ؟,ADSL
عروض Adsl موجوده,ADSL
مشترك خدمه adsl وعاوز رقم ip ثابت,ADSL
اشتركت ADSL وكتبت العقد وادوني الروتر شهر ولغايه ماجتليش الخدمه وكلمت خدمه العمله ورحت الفرع اشتركت خلاله ماوصلتش لحاجه الحل ؟ ! !,ADSL
مشكله النت الارضي اني مشترك سرعه ميجا والسرعه يادوب نص ميجااتصلت اسبوع شكوي قالولي تمام وهنحلها وهيجلك منزليه وكله تمام حد عبرنا لحد الوقتي رقمي,ADSL
اسعار Adsl ؟ وفيه عروض ؟,ADSL
مشترك جديد adsl اسم المستخدم وكلمه المرور يطلبوا مني رقم التليفون يبعتوا رساله ومفيش بتوصل ! !,ADSL
اوصل نت الشركه بسرعه ميجا وتحميا جيجا باشتراك شهري مثل شركه تي داتا ولو ينفع ادفع شهريا ونظام الدفع كيف,ADSL
العروض اركب راوتر واي فاي ؟ ؟,ADSL
مشترك ADSL بالاسعار القديمه التحويل للاسعار الجديده هيبقي المره الجايه هدفع,ADSL
يا فندم اتعاقدت خط adsl واستلمت الراوتر ولسا مشتغلش,ADSL
الخير حابه اسال النت يديني مزايا بيشتغل خط ارضي ويشغل واي فاي اكون مضطره اشغل خط ارضي هل كدا,ADSL
فضلك للتحويل سرعه ميجا ميجا معرفه السعر والباقه المتاحه وهذه الباقه انتهت سرعه تنخفض ضروري,ADSL
adsl البيت وعايز متبقي جيجا ؟,ADSL
قدمت اشتراك نت adsl وقالو لي هيجيلك مندوب هيمضي العقد ومفيش حد جهه,ADSL
اشتركت نت الارضي باقه محدوده ميجا حد رد عليا,ADSL
الرساله بتوصل كتير ؟ خفضت اسعار ADSl لتبدا جنيه للاشتراك زور فرع #طب السؤال ADSL اصلا,ADSL
الخير يبعتولي الراوتر والعقد وحصل اعارف النت هيشتغل امته ياناس,ADSL
مشترك adslعلي باقه موصلتش اقدر السرعه ل واعرف النت هيوصل,ADSL
مشكله وللاسف كلمت خدمه العملاء جدوي المشكله usb باقه دبل وراوتر جهاز يتوصل طريق واي فاي النت يفصل جربت موبايلات مختلفه لاب توب ونفس المشكله,ADSL
اشترك النت الارضي وفيه عروض واسعار الباقات,ADSL
هل عروض متاحه للنت الخط الارضي احتمال عروض قريبا,ADSL
انتو متعمدين تطولوا المده لتوصيل الزفت DSL مليت الانتظارمن فات,ADSL
تاريخ استحقاق فاتوره اتصالاتadsl اقصي فتره سماح متاحه,ADSL
حضرتك كنت مشترك فيعرض النت المنزلي بتاع السته شهور سرعه وعندي الراوتر عليا فواتير لاء وهل غرامات ايقاف الخدمه ؟,ADSL
اتصلت وعملت وجالي الراوتر فات بتاريخ فبراير الخدمه هتشتغل ؟,ADSL
خط نت والداونلود متحدد عايره مفتوح,ADSL
هل امكانيه اني معدل استهلاكي باقه النت الارضي وقت الشهرEtisalat Misr,ADSL
الروتر بتاع بيكون لازم تليفون ارضي,ADSL
معنديش خط ارضي وعايز اشترك dsl طريقه توصلولي بيها النت بدون خط ارضي وشكرا,ADSL
كنت معاد دفع افتوره adsl الخاصه بيا,ADSL
تعملوش عروض Adsl اليو اس بي,ADSL
هل الاشترك لنت لمنزلي للسرعت لمحدوده معه راوتر مجانا تخفيض شهور ؟,ADSL
جبت رقم الالغاء وعاوز اشترك dsl,ADSL
اشترك ميجا Adsl,ADSL
مقدم اشتراك نت منزلي وعايز اعدل البيانات السريع,ADSL
كنت طريقه الموقع ناقص روتر ADSL تليفون ارضي GB DOWNLOAD ؟ عامل انشاء حساب وادخل رقم التليفون الارضي يرفض ويقول اتصل لتحديث الرقم وكده ؟,ADSL
خدمات الدعم الفني لخطوط Adel هل متاحه ? واذا كنت اتاكد جوده الخط الارضي التركيب هل دا متاح عندكم ?,ADSL
كنت عروض للنت المنزلي,ADSL
اجيب الخط المودم الفلاشه واشتغل بيه الموبيل وافعل باقه ميجا ج,ADSL
المشكله انكم اخذتوا فلوس اشتراكي للنت وقطعتوا الخدمه عني بنفس اللحظه وموش عيزين ترجعولي الخدمه فلوسي بقالكم تبقي شركه,ADSL
عرض ج رواتر التليفون الاراضي,ADSL
اشترك adsl العرض الجديد ؟,ADSL
السرعات وسعه التحميل,ADSL
استهلاكي للadsl وميعاد دفع الفاتوره ؟,ADSL
عصام محمد بشكركم خدماتكم المتميزه جدا اسمارت اس شكرا لخدمه العملاء الشركه,ADSL
بخصوص adsl عملت للراوتر ضبط مصنع هيروح اشتراكي الشركه ؟,ADSL
ازي اشغل خط النت اتصل,ADSL
هقدم نت ارضي شركتكم المحترمه الخدمه بتوصلني بازن الله,ADSL
؟ خدمه ADSL رايكم ياجماهير مصر =D,ADSL
خط ADSL العروض الموجوده ومين الموزع مركز الشهداء منوفيه,ADSL
مشترك انترنت adsl وكل شويه النت يقطع ولما بكلم خدمه العملاء بيقولولي كونكشن ولما النت بيجي دقائق وبيقطع تاني الحل بقا ؟,ADSL
حد يرد بسرعه اشترك dsl ومش عارف الاسعار والسرعات,ADSL
Ma na sebna el a mar w gena ll a dr a olna yom w yerkab el net w nothing happened w no one came,ADSL
الروتر الكهربا ذادت وحرقتو يتصلح اعنل,ADSL
كنت اسال عرض باقه وخد راوتر هديه الراوتر هوائي خط ارضي,ADSL
عرض ADSl ميجا ج هل الراوتر wireless لاء ؟ ؟,ADSL
سمحتوا مشترك خط نت adsl عرف استهلكت اد السعه الاستخدام,ADSL
كنت اوصل نت الخط الارضي فكنت المطلوب والعروض والتكلفه العلم الخط الارضي ياريت ضروري,ADSL
العملاء الحالين بسرعه ميجا ADSL وعايز اعلي السرعه ل ميجا بسعر الباقات الجديده جنيه,ADSL
كنت مقدم راوتر ه وجه ولسه الخدمه م اشتغلتش المشكله دلوقت,ADSL
عوزين عروض DSAL,ADSL
خط النت الارضي وكل افتح بيجيب صفحه استكمال البيانات وبيطلب رقم هاتف والايميل والمفروض انكم تبعتو كود ومفيش بتبعت فمش قادر ادخل,ADSL
عاوزين باقه سنويه انليميتيد يااخضر :D,ADSL
اكتوبر وخطوط الارضي اتغيرت نحاس لفيبر ADSL متغيرت منفعش اكمل فدلوقتي بدعم الخطوط الفيبر ليسه ? ?,ADSL
انتم شغلتولي خدمه Adsl الخط الارضي بتعاقد قديم الغاءه ودا نتيجه خطا موظفي الموزع بتاعكم وانتوا قولتوا انكم هتحققوا الموضوع وتجازوا المخطا بقي حقي تعويض الفتره حجزتوا الخط بدون وجه حق وعطلتوني وعطلتوا شغلي دا القرف واللف الفروع ومكالمات لخدمه العملاء علشان تحلوا المشكله انتوا اساسا السبب ودا رقم تليفوني,ADSL
السلام عليكم مشترك خط ميجا ودفعت الاشتراك الشهري ولسه السرعه بطيئه جدا مبيكملش كيلو الدونلود,ADSL
استهلاكي adsl ؟ سرعه ميجا سعه تحميل جيجا,ADSL
اشتركت خدمه ETISALAT ADSL الجمعه فاتت كنت الخدمه هتشتغل ولو اشتغلت هعرف ؟,ADSL
اباشا اقدم تليفون ارضي واقدم راوتر سرعه ميجا,ADSL
اشترك ADCLباقه جيجا سرعه السرعات المفتوحه سعه التحميل والتفاصيل,ADSL
مشتركه Adsl ميجا لي ضعيفه وبطيئه العمل حد يرد عب,ADSL
هوه عرض Adsl % لمده شهور ميجا,ADSL
متوسط سرعه الدونلود ميجا وال ميجا كم حابب اشترك معاكم,ADSL
مشترك جديد بقالي شهر النت موصلش,ADSL
كنت اشترك adsl,ADSL
فاتوره الخط dasl نزلت,ADSL
ازنكم ادخل نت الخط الارضي العروض متوفره,ADSL
البينج عالي ميجا ومش معايا حد الروتر,ADSL
اجيب راوتر سرعته ميجا سعره ميجا سعره وكام ؟ عروض الروتر,ADSL
سمحتو هوا احنا المفروض ندفع فلوس الواي فاي اصل شويه مشاكل النت,ADSL
كنت ازود سرعت خط الADSL لمده معينه وادفع الموجود شبكات ؟ اخلي السرعه ميجا لمده ساعه !,ADSL
كيف عمل شبكه عامه فوق منزلي كيف التواصل معاكم,ADSL
مقدم الADSL شهر ونص ولسه لحد موصلتهوش امل النت يوصل السنه الجديده :,ADSL
ادفع شهر ADSL ادفع ؟,ADSL
عروض النت اوصل طريق التلفون الارضي,ADSL
مشترك ميجا وعايز اخليها ميجا ومعاد الاشتراك ولو اتعملت ينفع ارجع لي ميجا تاني وازاي اغير الاشتراك لي,ADSL
امبارح سالت هنا وعلي customer service استهلاك الجيجا ADSL ومحدش رد عليا,ADSL
اتصلت الاشتراك خدمه النت ودوست هشان اكلم العملا قالي ادخل رقم التليفون دخلته قالي غلط رغم صحيح الحل ؟ اشترك النت,ADSL
howa ana dlw ty Etisalat ADSL tmam mb = gb tmam ? ana azay a rf fadly kam gb we keda ? feh mawk we keda wla eh ?,ADSL
Adsl ميت وبيتحاسب حرام علينا الفلوس بندفعها والله,ADSL
قدمت اشتراك adsl وقالولي هنتواصل معاك العيد ومحدش كلمني,ADSL
كنت اركب adsl المهم فعلا اشتركت واخدتوا البيانات وبعدين واحده كلمتني قالتلي مندوب هيجي يركب الخط ومحدش جه لحد ! !,ADSL
عروض نت,ADSL
انظمه النت التيلفون الارضي,ADSL
موصل خط نت adcl سرعه ميجا Downstream Upstream Data Rate kbps معناه السرعه بالضبط,ADSL
مشكله بظبط اعدادات الروتر وبيعمل كونكتد وبيديني بنج بكلمكم فتحت الفيس بوك بخناقه ومافيش تانيه بتفتح جوجل الاعدادات الصحيحه للروتر VPIVCI Service list Port binding Connection type NAT Service type Encapsulation mode الخ,ADSL
بخصوص لمبه الdsl الراوتر مش بتثبت شويه تشتغل واحيانا تفصل كده نفسها السبب,ADSL
حضرتك السرعه ميجا الاستخدام جيجا,ADSL
مشتركه باقه ADSL social وعايزه احول الدقايق الاتصالات لدقايق شبكه اخرا,ADSL
الشترك ADSL,ADSL
سمحتو اشتراك idsl بيبقي شريحه موبايل خط ومحطوطه داخل روتر بيبقي توصيلها طريق التليفون الارضي,ADSL
حضرتك عملت ل ADSL ومفيش حد كلمني لحد حد اتصل بيا رغم اني سجلت الموقع,ADSL
خط ميجا محدود ؟,ADSL
بصراحه شركه رديئه جدا سرعه النت واسجابته خدمه العملاء غلط اني عملت باقه لشركه المستوي الخدمه وغلط لما موزع معتمد اقنعني بالاشتراك Adecl يومنا الخدمه مشتغلتشي بصراحه اكبر غلطه,ADSL
استلمت الراوتر والخدمه اشتغلتش وكل اتصل يقولوا ل شغلي كله عالنت وماينفعش اقعد نت,ADSL
فضلك تعاقدت adsl ابريل والمفترض وفقا لكلام خدمه العملاء اثناء التعاقد فتره التركيب وحتي ابريل تصلني الخدمهو بتابع رقم المتابعه جاري التركيبانا بدخل النت فقط بباقه السوشيال وقاربت الانتهاء ومش هتمكني اني افتح لينكاتارجو وضع التركيب الاقل مشكله هتستغرق وقت,ADSL
مقدم ADSL ودي تجربه ليا مصر والخدمه مشتغلتش ياتري انطباعي ! ؟,ADSL
اوصل راوتر التليفون الارضي,ADSL
حضرتك اشترك ADSL اروح فرع اروح فين بالضبط وايه الباقات المتاحه,ADSL
سمحتو اركب نت واي فاي البيت الاشتراك والسرعه,ADSL
مقدم dsl وعدت فتره بدري وقدمت استعجال وقعد ساعه وكل اتصل تقولولي يتم استعجال تمت ياريت يبقي اهتمام كده,ADSL
مشترك خدمه adsl بقالي مستلم الراوتر ولحد الخدمه وصلتش,ADSL
المنطقه بتعتنا مفيهاش شبكه تليفون ارضي هل طريقه اوصل بيها انترنت ؟ !,ADSL
اشترك بباقه نت سرعه ميجا للبيت,ADSL
كنت هل اماكن مبتوصلش لهم adsl,ADSL
راوتر اصالات يحون طول مش باقه,ADSL
اجيب راوتر سرعته ميجا هيجيب سعره ميجا سعره وكام ؟,ADSL
سمحتو ماهوالنت المنزلي,ADSL
كنت عاايز اسعاار سرعات النت والعروض #من فضلك ومتقوليش خش اللينك يااريت,ADSL
مغيره لنظام حكايه ابو جنيه ثلاث واشتغلت الباقه حلو بتصل لقيت الباقه اتلغت حرام يضيع الفلوس استفيد بيها,ADSL
اشترك نت البيت فكنت سعر وسعر ميجا ؟,ADSL
بينزل الليميت جيجا بتوع adsl سرعه ميجا هل جيجا بينزلوا الفاتوره تاني ؟,ADSL
انتو بتوصلو النت طريق كبلات الفايبر محافظه المنيا ؟ ؟,ADSL
كنت عروض DSL,ADSL
حضرتك هيا خدمه عندكم راوتر وباقه انترنت شهريه للروتر ؟,ADSL
اشتركت خصيه دقيقه قرش معايه باربعه جنيه رصيد اشتركت قلولي معاك قرش رصيد ومش عارفه رصيدي راح فين,ADSL
الفيس بوك اصبح الدخول عاليه ببلاش ايهInternetorg by facebook,ADSL
مشترك جديد بخدمه ADSL وعاوز حساب الموقع لمتابعه الاستهلاك بعمله اصدار الفاتروه التانيه ليا وشكرا,ADSL
منين ليكم الحق انكم تخفضو المساحه الاستخدام Adsl ل جيجا بدون الرجوع لصاحب الخط,ADSL
معي Usb بشحنها بيديني جيجا ونص فتره اساسيه وجيجا ونص فتره اضافيه باليل خلصت معي احول لنظام تاني وعاوزه النظام اعلي ج جيجا واحول,ADSL
شكوي تعاقدت ADSL فتره طويله تصل الخدمه سوهاج,ADSL
خدمه واي فاي البيانات,ADSL
باقات اتصلاتadsl للخطوط الارضي الغير محدوده مزاياها واسعارها,ADSL
سرعه ميجا الغير محدوده تطبق سياسه الاستخدام العادل مفتوحه الاستهلاك طوال,ADSL
قدمت روتر الجمعه فاتت ولسه مجاش النت كده الشبكات التانيه تاني النت بيجي,ADSL
النت بيفصل ويفتح مرستر روتر عملت الحل ؟,ADSL
سمحتوا عروض النت DSL بتاعتكم والاسعار والسرعات ؟ ؟,ADSL
قدمت خدمه ADSL هتيجي كد,ADSL
مشكله دفع الفاتوره بتاعت النت adsl ومحد ش رد customer care,ADSL
مشكله معاكم خط النت وحش البيت,ADSL
روتر السرعه ميجا اخليه ميجا شهريا اغير السرعه,ADSL
USB باقه ج الباقه خلصت والشهر مخلصش اجددها بليز رد,ADSL
معي راوتر النت الهوائي والباقي محدود بوقت معين هل تغير استخدمه ساعه بدون وقت محدد,ADSL
كنت مقدم خط Adsl بقاله ومحدش كلمني استلم الراوتر وتفعيل الخدمه,ADSL
"خطي فاتوره مفتوحه , ينفع اشترك عرض DSL RED ?",ADSL
اشتركت والرواتر جه وقولولي الشحن بيكون طريق اتصلت قعدتت ترغي ومعرفتش اﻻفاده,ADSL
Vodafone Egypt خدمه نت للخطوط الهوائيه,ADSL
سمحتوا بالنسبه للنت الهوائي هل الباقه بتكون مقسمه طول الساعه ص ل م بمعني باقه بتكون جيجا نستخدم منهم جيجا وقت وال جيجا الباقين نستخدمهم فقط الساعه ص ل م ؟ وشكرا,ADSL
راوتر هواني اورانج نوعه pw احول نت هوائي هل لازم اشتري راوتر هوائي الراوتر دا ينفع ولو ينفع احط شريحه عاديه شريحه داتا,ADSL
نظام ميجا unlimited DSL هشترك وايه اقصي حد للداونلود الشهري ؟ ؟,ADSL
معلومات جهاز النت بدون خط ارضيالسعر والاشتراك فالشهر وازاي اقدر احصل وخلال وقت ؟ !,ADSL
الراوتر الهوائي محددين وقت معين للاستخدام نظام كنترول بيدي جيجا بايت الحق اني استخدم جيجا بايت صباحا لحد والوقت كله نوم شغل اني استخدم جيجا بايت طول متاح اني استخدم النت ؟,ADSL
اعارف جهاز الوي فاي للنت بدون فون اراضي تفصيل ارجوالرد,ADSL
امبارح بحاول اشتراك عرض اس ومش مجمع معايا واخر رقم للطلب t a w,ADSL
حضرتك كونت عواز ازي اغير البسورد بتاع الوي فاي ازنك,ADSL
بتصل خدمه العملاء ل adsl مش مفعله ؟ !,ADSL
اشترك نت واي فاي وعايزه الحاجات اجبها الطلبات بعني,ADSL
كونت اشترك AbsL مشترك شركه تاني لزم الغي الاشتراك الشبكه اشتال الروتر واشتراك عندكم,ADSL
فضلت شهور شحنت رصيد والشريحه انسحبت وعايز ارجعها مسجله باسمي,Credit
شحنت واشتركت باقه وسحب واتبقي الرصيد زيهم ازود بيهم اكسترا ميجا,Credit
مشكله احول رصيد جربت ويبعتلي رساله مضمونها عفوا الخدمه غيره متوفره نظامك الحالي نظامي قرش,Credit
عرض للمخطوبين خراب البيوت اهنا دا,Credit
رقمين عملوا تجوال يتحاسبوا لما يكلموا بعص بجنيه برده السعوديه,Credit
لعرض اضعاف شحنتك وايه اجدد عروض الشحن,Credit
لما باقه يقولي استهلكت % السرعه القصوي ياخد رصيدي كده هيحصل,Credit
لما باقه يقولي استهلكت % السرعه القصوي ياخد رصيدي كده هيحصل,Credit
اشحن ياخدو رصيدي كلو,Credit
شحنت جنيه ساعه نسيت اكلم * # امكانيه اني اشترك ؟,Credit
اجدد باقه حكايه العلم اني معايا رصيذ والميعاد جه ولسه متجدداش لوحدها ! ! ؟,Credit
هيه العروض نازله بتاعت رصيد جنيه لما تجاوب صح حقيقي,Credit
Etisalat Misr خربشت كرت الشحن طار مني رقمين رقمكم الارضي علشان احل المشكله,Credit
شويه يخصمو مني رصيد خدمه دعاء الغيها,Credit
بطلوا هري بقي اقسم بالله شاحن امبارح جنيه ومافي دقايق جات,Credit
معايا نقط كتير وعليه فاتوره متاخره ينفع ادفع الفاتوره بالنقاط نقطه,Credit
اتصاﻻت احول رصيدمن خط اتصاﻻت باقه مكالمات لخط اتصاﻻت كارت العلم رصيد مجاني وايه الخطوات,Credit
والنبي اشحن كارت احول رصيد رصيد فعلا بيقولي لقد نفذ رصيدك شاحن حالا ويقولي لقد نفذ رصيدك برجاء الشحن ومش عارف اكلم خدمه العمله زهقت والله حرام كده,Credit
هوا اشترك نظام ضعف شحنتك ؟ ؟,Credit
يافندم باقه دقيقه لوخلصو الميعاد وحضرتك قولتلي تشحن بي جنيه دقيقه برضو يخلصو فتره السماح شاحن خمسه الشهره يخلصو برضو خمسه بعده ولالحد الدقايق ماتخلص,Credit
"اشتركت نظام اليومي جنيه ميكس , اتوماتك بيسحب جنيه ؟ ولو حبيت الغي الاشتراك الغيه",Credit
باقي كم دقيقه يعد المكالمه,Credit
تيجي رساله استهلاك % الباقه السرعه القصوي وادخل الغي الباقه تيجي رساله مشترك افهم بيحصل,Credit
اذنكم ياريت مساعده ضروري اشتريت كرت شحن بخدش الكارت ارقام اتمسحت مش معايا رصيد اكلم خدمه العملاء ياريت تساعدوني لاني محتاج اشحن الكارت,Credit
هوانا بشحن وبعدين باقه نت يقوللي يتم تجديد الباقه لعدم وجود رصيد كافي ؟ ؟,Credit
طريقه الشحن السريع ؟ ! !,Credit
نصبتو عليا جنيه خلتوني داخل شهور مبشحنش الحركه ومشغل خط,Credit
حضرتک کل ماحول رصيد الکون تون يتفعل معا نفسو عاوﺰ الغي الکون تون,Credit
الفاتوره شهريه بكم وبتدايك كم دقيقه وشبكات التانيه,Credit
هل خدمه حد يبعتلي رصي الخط واروح استلمه كاش الفرع,Credit
جاتلي رساله جنيه هيجيلك رصيد جنيه حولت ومفيش جت الاشتغاله ينفع كده,Credit
سافرت عمره بخط وكلموني هنا برده بيكون سعر الدقيقه,Credit
خط بيعمل عادي السعوديه اخذته معايا وكام سعر الدقيقه وهل يتم خصم المتصل,Credit
احول رصيد خطتي لخط تاني برضو علشان اتعامل شركه,Credit
معايا كارت شحن اشحنه اتصل برقم لان خدمه * * الكود # مش شغاله,Credit
معايا جنيه رصيد وعايزهم كاش اعملهم ولو مينفعش احول رصيد لشبكه تانيه,Credit
فكره التليفون نت وﻻ اغنيه اﻻول وﻻ خالص ولغايه امبارح دقيقه مجانيه انهارده اﻻقي جنيه مسحوبين الرصيد تفسير,Credit
شوف شغلكوا والاخطاء الفواتير وبعدين اعملوا مسابقات براحتكو,Credit
الخير بشحن شويه والرصيد بيتخم الغاء العروض بتاعت المسابقه,Credit
بيجليي رسايل اختبارت الصحه تاخد مني الر صيد وعايز الغيه فضلكو وكمان مشكله شحنت جنيه جت رساله رصيدي خلص مستعملتوهش,Credit
سمحتوا عامل باقه سوبرسوشيال وعاوز الغي استخدام المواقع الغير مجانيه بتسحب الرصيد بطريقه رهيبه وشكرا,Credit
سالف,Credit
يا فندم هدايا بتيجي خالص لما بشحن,Credit
خط اتصاﻻت بشوفه بيتباع العريات التابع ليكم الميداين بيبعو خط بي جنيه وبيقولو لما تشحن الخط بي جنيه بتاخد دقيقه لي ارقام دقيقه لي شبكه اخره جنيه رصيد فا حقيقي ياريت حد يعرفني,Credit
شحنت كارت واداني مسج error حاولت لي لقد استخدام الكارت,Credit
فضلك ياريت تفاصيل شحن كرت العيله وهل الرصيد ببعته للرقم مده محدده وبينتهي مفتوح لغايه مايخلص وشكرا,Credit
جايبه خط جديد ومعرفش نظام بيجيلي جنيه شهر اشحب جات شهرين وبعدها مبقتش بتيجي وعاوزه نظام حلو اشترك,Credit
احترامي ليكوا فعلا انتوا كرهتوني اشحن رصيد الخصم شويه بتخصموه بدون داعي حقيقي الموضوع زاد اوي الفتره حده,Credit
معرفش الرصيد بيتسرب فين,Credit
معايا كارت رقم اتنين اتخربشو ومعيش رصيد رقم ارضي ؟,Credit
كنت واخد دقيقه المهم بتكلم فصل الخط اتصلت تاني خصمو تمن المكالمه وبعدها اتصلت بردو خصمو افاده الخصم معايا دقيقه ! !,Credit
اشحن رصيد باستخدام الفيزا م النت اللينك Etisalat Misr,Credit
عرض اضعاف شحنتك الدقايق هتفضل لحد ؟ لما تخلص ؟,Credit
معايا ج رصيد باقه كونكت الضعف سوشيال وباقي الرصيد باقه ترفيه ج اسبوعيه بدل الرصيد بيتسرق هل عملت باقه الضعف عملت باقه اسبوعيه كده الضعف هاتتلغي وهاتفضل باقه,Credit
نظام شحني جنيه,Credit
ازنكم علشان استلف رصيد,Credit
يافندم اقفل الرصيد علشان داخل النت الباقه بلاقي الرصيد بينقص,Credit
ازنكو احول رصيد لشخص اخر ازي وكل احول رصيد الخدمه متاحه لك,Credit
كنت احول رصيد لاي حد علشان لما بدوس * * الرقم * التحويل #مبيرضاش ويقلي متاحه لك اني كنت بحول كنت احول وارجو سريعا مروح الشغل,Credit
فضلك احول رصيد,Credit
اكواد الاستعلام رصيد حكايه ولوانا ازود رصيد ماميعاد الباقه يجي,Credit
احول دقائق لشبكات الاخره الئ هئ الدقيقه دقائق علئ نظام حكايه,Credit
السلام عليكم خطي قرش للدقيقه,Credit
سمحتوا جبت كارت ومكتوب #الكود * * هيديني ميكس دقايق وميجا هشترك الشحن اشحن,Credit
شحنت كارت بعشره الخط لخدمه سلفني خمسه جنيه ولما مكالمه الرصيد خلص خايفه اشحن تاني الرصيد يروح برده,Credit
عرض الدقائق المجانيه كرت الشحن تحويل دقائق لي خط تاني,Credit
معايا خط موبايلي وشغال شبكه ازي اقدر اشحنه كود,Credit
لما بيكون معايا رصيد فاتح الباقه بيؤتيحب كله حل ضروري,Credit
اشحن رصيدي ببطاقه الفيزا البنك الاهلي Etisalat Masr,Credit
اشحن خطي بالسعوديه واشتريت بطاقه شحن موبايلي وما استطع شحن الهاتف,Credit
كرت شحن وقع بالميه وراح الكود استفاد الكرت انسي,Credit
ارجع خاصيه الرصيد الباقي يظهر المكالمه ماتخلص,Credit
احول رصيد تلفوني اتصل,Credit
حضرتك لما بشحن جنيه بيقولي تمت اضافه جنيه رصيه مجاني ولما برن حد بياخد الرصيد ؟,Credit
حضرتك لما بشحن كارت بيتم خصم رسوم دمغه الكارت,Credit
اشحن رصيدي خط بره مصر ?,Credit
اشتريت كارت وباظ منه ارقام النص اتخدشت جنيه بحالها,Credit
اسعار الكروت ؟,Credit
اشحن كارت وتاني الاقي رصيد واشتراكت باقه وجالي رساله اني اشتركت وبعد ساعه جالي رساله اني فسل تجديد الباقه,Credit
اخرج المسابقه بدل شويه خصم الرصيد,Credit
مشترك باقه نت ومشغل عرض الصيف كمان حولت رصيد لقيت النت بيسحب الرصيد نفسو اراجع استهلاكي بيديني خطا وعلي النت كمان,Credit
وسيله اقدر بيها فاضلي جنيه الاضافي خدتهم الشحن ؟,Credit
شحنت كارت وعاوز اشحن شحنه اعلان محمد رمضان ياريت شرح,Credit
بقالي كذا بشحن وكل ماجي افتح باقه الاقي الرصيد بيتسحب اني مش مشتركه خدمات تانيه,Credit
"السلام عليكم هل يوجد تطبيقات لاتصالات نظام الاندرويد ( تطبيق my , وفلوس ) وكم رسوم تحويل اموال رقم لرقم ثاني ( مشتركين خدمه فلوس ) شكرا مقدما",Credit
كدا شحنت بعشرين جنيه وفاضل جنيه واتسحبو وسحبت جنيه وسحبتوهم بردو وسحبت تاني جنيه وبردو سحبتوهم مني رد العلم اني متكلمتش جنيه مكلمه وحده,Credit
ياباشا حولت رصيد قالي رصيدك خلص رصيدي,Credit
حضرتك مل بيتخصم مني فلوس معرفش نظام ! !,Credit
انتوا بتسحبوا الرصيد بدون مكالمه اشترك خدمه Etisalat Misr,Credit
لما باجي احول رصيد برنامج ماي اتيصالات بيقولي ارجوك قم بالاتصال بالموبايل انتر نت اسم ادخل طريق الدخول السريع,Credit
كنت عامل باقه ولما كنت بفتح البيانات بيخصم قرش للميجا السبب معاي رصيد ودلوقتي خلص والباقه مخلصت,Credit
سمحتو عندر رقم شحنت جنيه ودلوقتي بيقولي رصيدك جنيه,Credit
سمحيت احول بيها الرصيد تلفون تاني لتلفون,Credit
شكرا لحضرتكو شكرا لحضرتكو خدمه اختبارات الصحه اتلغت يريت تشفولي حكايه الرصيد,Credit
السلام عليكم عامل باقه جنيه جبت كارت شحن وشحنته الباقه اتجددت ومالقتش رصيد خالص جبت كارت تاني جنيه برده الرصيد طار برجاء ؟,Credit
بتصل * #لتحويل الرصيد يقولي الخدمه متاحه لنظام خطكوكمان باقه السوشيال اليوميه بتجدد لوحدها,Credit
لما بحول رصيد لرقم تاني بيقولي عفوا مشترك عرض العشر سنين الهبل احول ❕,Credit
سمحتو شويه يجيلي منشت صغير كده يقولي تكلفه المكلمه قرش رصيدك المتبقي كذا قرش ومبعرفش بيخدو الفلوس وكل تحصل الحكايه معدل مرتين وللا اتصلت بخدمه العملاء قالولي مشترك كذا خدمه قولتله احذفهملي قالي حذفتهم ولسه بردو الفلوس بتتاخد مني زهقت خالص المساعده يااما ارمي الخط دا احسنلي واشتري خط جديد,Credit
الخير حضرتك الرصيد عمال يتاخد مني الشركه بتبعت رساله وتقولي خدوا تالت اشحن وياخده دقيقه واحده ياريت حضرتك تقولي السبب وتشوفلي حل,Credit
"اذنك جنابك لما اجي احول كريدت يقولي sorry , youve exceeded the maximum balance of transfer for today بقي",Credit
معايا جنيه واشتركت باقه كونكت بعشره جنيه وخدوا كلهم معرفش,Credit
اناكل شحن لازم ملقيش باقي الرصيدمع العلم اني معملتش ولامكلمه شكرا,Credit
سمحتوا لما باجي اتكلم وبخلص المكالمه بيكتبولي ليك دقائق لبكرا الرصيد هوا يظهر ولما باجي استخدم خدمه سلفني بيكتبولي عفوا الاشتراك الحالي,Credit
اهرف الكود بحول بيه الرصيد,Credit
سمحتو هل عرض اختار شحنتك المكسات بيخصم الرصيد تعتبر هديه الشحن,Credit
كيف الرصيد خط داتا,Credit
عامله باقه بيخدوا الرصيد العادي وازي امنعه,Credit
كنت استعلم الرصيد,Credit
شحنت ج وعملت باقه بال ج وتم التجديد واحولت ج وجاني اني رصيد وNUM قرش وبعد اشويه جاتني رساله رصيدي اقل ونص اقدر استلف راحت فين الخمسه حولتها,Credit
كيف رقم شريحه حاله ابعت رصيد كود علشان رقم الشريحه,Credit
مستلف جنيه واستخدامت جنيه شحنت هيخسم,Credit
دلوتي بدخل كروت فكه بتتسحب اتكلم حرم كده ومينفعش اكده,Credit
ينفع اقسط وادفع الفرع يخصم البطاقه الائتمانيه الخاصه بي التابعه للبنك المصري وهيكون فوائد,Credit
ازي الباقي رصيدي خط USB انترنت,Credit
السلام عليكم حضرتك برا مصر البيت عاملين باقه وعايزين يعرفو ميعاد التجديد والباقه انتهت ام لاء وشكرا,Credit
لما اشحن رصيد بيخلص مبيكملش المشكله اني مبستخدمهوش,Credit
عملت خدمه اضعاف شحنتك واتعملت ودلوقتي شحنت بعشره مجاش دقايق وشحنت ناو مجليش دقائق برده العلم اني كنت مسالفه ج اتصل قالي لقد نفذ رصيدك ودايما بيسحبو الرصيد اسميه بقا,Credit
سمحتو جاتلي رساله اني كسبت ج رصيد لما اشحن ج اشهر واشتركت وفعلا جتلي رساله اني اشتراكي وشحنت مجتش ج هتيجي وهستخدمها رصيد عادي دقايق,Credit
تحميل خلالي اشتريت عالنت خالص اشحن كارت ويخلصوا افهم الفلوس بتروح فين مبتصلش بيها خدمه الكول كيبر بتبعتلي اني مشترك عمرك اشتركت خدمات,Credit
كنت شاحن لقيت رصيدي معرفش,Credit
احول رصيد تليفون لتليفون ؟,Credit
احول فلوس ؟ !,Credit
كنت اشوف مستلف وباقيلي اسدده,Credit
شحن كارت بعشره جنيه اتكلمت منه اربع دقايق والصيد خلص افاده,Credit
الخط بتاعي لسا شاحن وبتصل يقولي مبالغ مستحقه الخط جنيه السبب ! ! ؟,Credit
اذنكو الكود بيجيب رساله الرصيد المكالمه وسعر تكلفتها شكرا,Credit
الشركه سرقت مني رصيد كذا وكلمت خدمه العملاء كتير ومحدش اهتم رصيد تافه يتاخد مني بدون حق الصحافه وممكن اخرب الدنيا بمنشور همشي معاكم قانوني,Credit
احول رصيد خط خط اخر الكود,Credit
شحنت والشركه جددت باقه السويشال معايا رصيد زياده وبعدين اتفاجت رصيدي كله خلص لما بفتح النت,Credit
لوسمحتوا بعت رساله ل عرض ضعف الرصيد وقلولي مشترك اتكلمت الرصيد,Credit
شحنت كارت ومش كنت مستلف اتخصم كله وشحنت تاني ونفس الحكايه بقا ؟ ؟,Credit
اشترك خاصيه رصيد الفيزا رصيدي ينزل المكانه تجي رساله اشتراك,Credit
يافندم خارج مصر وعاوز مكالمه الخط ميتوقفش ومش معايا رصيد للاسف ؟ ! ! اشحن الرقم ؟,Credit
رصيدي وتكون مجانا وخدمت الكول الكبير غليت,Credit
جبت كارتين ومفيش راضي يشحن الصبح كنت محتاج مكالمات ضروري ومفيش رصيدعايز حل المشكله ومتبعتوليش اللينك الخربان بتاعكمربنا يسهل عليكم,Credit
الغي اضعاف رصيد بيخادو العشره جنيه لما بشحن ؟ ؟,Credit
معايا رصيد قرش وشحنت لقيتهم قرش فوق الكارت شحنته العلم معملتش بيهم,Credit
موبايل اخويا ‏ peria z ‏ وكل لما يشحن رصيده يخلص لوحده ومش مشترك خدمه,Credit
كنت لما بشحن بيبعتولي جنيه رصيد ناو لما بشحن ميش بيبعتولي جنيه بقي ؟ ؟,Credit
لوسمحتم خط كنترول جنيه اعر الرصيد وباقي الشحن,Credit
المكالمه لاتصالات بقت بجنيه يخصم دقيقتين وباقي المكالمه ببلاش فضلك كده هيخصم جنيه ولاهيخصم الرصيد والمكالمه دقيقهوشكرا لحضرتك,Credit
شاحن امبارح جنيه عامل نظامي بالثانيهوكنت اتكلمت قرش النوتهواتكلمت دقيقتين لاتصالات فقطودلوقتي معايا فين الرصيد بقا,Credit
احول رصيد لاتصالات,Credit
رصيدي راح فين بحط الكارت هنا مبلاقيش منه بقا !,Credit
اذنكوا مقدار الفلوس استلفتها خدمه سلفني,Credit
جايب خط السنوي وعايز الارقام تعرفني فاضل رصيد وهل الرصيد بينضم بعده وشكرا,Credit
جبت كارت ج وملقتش معايا ج ومكنش استلاف وهقدر ارجعهم ؟,Credit
حضرتك بيتخصم مني رصيد الغي عرض السحب فلوس والكلام تفدني,Credit
اشتركت باقه اضافيه اكسترا ومش شغاله وبتاخد الرصيد فممكن تفسير,Credit
امبارح شحنت جنيه والنهارده لقيت الرصيد جنيه بقي ! ! والحكايه بتحصل كتير الفتره,Credit
امل بلاقي الرصيد ضاع والله بيكتبلي جنيه + قرش,Credit
انتو شركه حراميه شحنت انهارده قالي اني مستلفه والمفروض اسدد ج كمان والله استلفت وكمان والاستلاف الحد الاقصي ج استلاف,Credit
كو د تحويل الرصيد ضرو ري,Credit
احول ازي رصيد تليفوني لتليفون تاني,Credit
عامله نظام حكايه ل والمفروض دقايق الشبكه الاخري بتخلص بسحب دقايق وبتحاسب اضعاف والباقه دلوقت دقيقه واجي اكلم شبكه تانيه يقولي رصيدك خلص,Credit
مشتركتش فعروض youm yallakora وانتو عمالين تسحبو رصيد رصيدي يرجعلي ؟,Credit
محدش رد استفساري سالتكم كده سمحتوا طلبت # * واشتركت عرض بجنيه والشركه اتاخرت عليا فطلبت # * تاني واشتركت العرض دقيقه بجنيه فالشركه قامت ردت وبعتتلي رسالتين ثواني وخصمت رصيدي ثمن الاشتراك العرض مرتين بدل العلم اني مينفعش اشترك العرض واحده مينفعش اشترك عرض مرتين فعلي اساس الشركه خصمت مني تمن العرض مرتين,Credit
نظام خط الصعيد اجي احول رصيد الخط خط اخر الخدمه متوفره لنظامك,Credit
كنت عامله خطي باقه حكايه ج والمفروض ضعف الرصيد قالو لما يخلص الاساسي هل رقم للحصول الرصيد الاضافي,Credit
مستلف رصيد مخلصتش قيمه الاستلاف وشحنت كارت هل هيخصم المبلغ استلفته كله,Credit
اسال عامله الخط جنيه ولما بشحن الرصيد بيظهر وبعد فتره فيش بتيجي,Credit
الرصيد بيخلص خدمات معرفهاش,Credit
احول رصيد لخط تاني بيقولي حولت كتير احاول تاني محولتش اصلا,Credit
استعلم رصيدي اد اتصل ؟,Credit
i can not find link to recharge with credit card Etisalat Misr ( community ),Credit
نظام فريهات واستخدمت رصيدي جنيه ولسه مبعتش رساله الهديه,Credit
معيش رصيد خالص كرتين كرت وكرت هيبقو يكفو يعملو الباقه زياده,Credit
هياخد مني فلوس الرصيد خاطر اصاله هولع الشركه وهولع فيك يادمن وهولع اصاله نفسها وهولع نفسي اخترت ✋,Credit
كود الغي بيه شئ مشترك الرصيد بيخلص دا لرقم تاني,Credit
سمحتو جالي تحو يل رصيد بالغلط وعايزه احوله تاني بدخل الايقونه بتاعت قائمه الموبايل وبعمل خطوات التحويل وكل يجيلي رساله غلط,Credit
رقم تحويل الرصيد,Credit
الرصيد,Credit
اشتريت خط جنيه رصيد شهر اشحن بعشره جنيه يديني ميه شهر جت الهديه كده مجتش,Credit
شحنت الباقه وباجي اخش google search بيقولي الرصيد كافي,Credit
الغي رساله الرصيد الدقايق الباقيه المكالمه بتسحب الرصيد,Credit
كود تحويل الرصيد,Credit
ياجماعه محدش يعرف الغي اشتراكي خاصيه النصائح بتخصم الرصيد ؟ ! الرساله,Credit
سمحتوا الغي اشتراكي مسابقات واخدين رصيدي والكارت مبيقعدش معايا نص ساعه وطلبت ‎ * ‎ # ‎ طلعلي رصيدي كله ضايع المسابقات الغي اشتراكي مسابقه,Credit
اذن حضرتك احول رصيد فوني ل فون تاني الكود اذن حضرتك حضرتك قولتلي لعملاء الكارت الخط هحول منه واليه كارت اضغط # * عملت م حضرتك قولت كده ومش يحول failed failed failed failed failed اذن حضرتك,Credit
الغي خدمه رنلي النوته لوخلص رصيدي يقولي عفوا ميقوليش خدمه رنلي النوته,Credit
بحاول احول رصيد وبيقولي ناسف لعدم تنفيذ طلبكم الخدمه متاحه لك ؟ ؟,Credit
موضوع كارت الشحن هيجيب رصيد جنيه دا صح ؟ ؟,Credit
رصيدي بيتسحب استهلكه كدا ومش مشتركه بتكلم منه,Credit
اقل تحويل رصيد,Credit
هوا متكلمش النوته ويتخصم مني رصيد اخر قرش والمره قبليها قرش كدا بقي حرام,Credit
امبارح حولت النظام بتاعي واتخصم رصيدي رسوم التحويل ولسه نظامي القديم,Credit
لما اكون مشترك واشحن خطي اتكلم بيتسرق الرصيد ؟,Credit
احول رصيد خطي الكود المفروض ينكتب الرقم بسرعه فضلك,Credit
الرقم رقم المسج ابعت اني مدخلش فيس واتس وماخصموش الرصيد,Credit
ممکن اللنك عایز معلومات الخط بتاعی زی الرصید المیجات والباقه کده ممکن اللنک,Credit
اشحن رصيد لرقم تاني,Credit
اشحن رصيد بقول اضافه رصيد مجاني كيف يتم استخدام رصيد مجاني,Credit
احول رصيد,Credit
اجي احول رصيد لخطي التاني ميرضاش العلم باني مشترك عروض وبتظهري رساله الخطا plaes use a correct message format to this service فيدوني لاني محتاج احول بسرعه,Credit
خطي كنترول وشحنت امبارح والرصيد وصل الباقه متجددتش الرصيد افهم بقي ؟ ؟,Credit
استلفت جنيه وعاوزه ارن دولي مبيرنش بيقولي الرصيد خلص,Credit
شحنت ومعاي رصيد جنيه ومش عارف باقه جنيه نت,Credit
فضلكم شحنت شهر بعشره جنيه ونفذ الرصيد الرغم انني اتصل باي رقم وذهبت للاتصالات لي لغيت لك شيء كنت مشترك كده فقلت حشن بخمس جنيهات وتم بالفعل وقلت نفذ الرصيد اتصل بهم لوسمحتم العمل شكرا لتعاونكم,Credit
احول رصيد احول الخط نظامه كروت عادي مش فاتوره,Credit
كنت اشحن الرصيد بيتسحب,Credit
عوزه رقم تحويل رصيد موبيل موبيل اخر,Credit
معايا خط ووقع مني للاسف فتره جامده م يطلع موضوع الخط لازم يتسجل ومش معايا العلبه بتاعته ارجعه محتاجه ضروري ؟,Customer Service
اذنكم هل هتبقي فروع خدمه العملا شغاله العيد شغاله هتبقي لكام ؟,Customer Service
السلام عليكم هل استبدل فلاشه النت السنويه بفلاشه نت واي فاي الجديده,Customer Service
خطوط مسجل عندكم باسمي معرفش عنها وعايز اسقطها الاجهزه عندكم ومفيش فرع قريب مني فرع سفر ساعات الحل والرد,Customer Service
pin,Customer Service
رساله بتظهر اتصل بحد ( تحويلات المكلمات الوارده نشطه ) معني الرساله خالص احترامي MNG,Customer Service
فرع التجمع الخامس والعنوان بتفصيل,Customer Service
مشكله الخط رقم,Customer Service
بضغط * # no reply from ESME يبقا المشكله فين ؟ ؟ ! !,Customer Service
انفصلت الخدمه عني وعشان ارجعها لازم اروح لاقرب فرع بعيد جدا جدا فرع اتصلت بخدمه العملاء وادوني رقم الهاتف الجوال للشؤون القانونيه وقالولي مشكلتك معاهم وافقوا هنرجعلك الخدمه,Customer Service
الشريحه بتاعتي م قصيتها الارقام اختفت اوصل للارقام تاني ؟ ؟,Customer Service
رقم خدمه العملاء,Customer Service
بالنسبه للاعلان الشغال داخل الفروع خارجها ؟,Customer Service
سنترال المطيعه مركز اسيوط محافظه اسيوط بيدعم التوصيل بتاعكم adsl,Customer Service
رقم خدمه العملاء الانترنت,Customer Service
شكوي لفرع السودان سمحتوايرجي,Customer Service
كارفور مدينه نصر بيستبدل,Customer Service
رقم خدمه العملاء ؟ ؟,Customer Service
بخصوص عرض التقسيط بدون فوايد انواع الموبايلات المتاحه وعناوين الفروع القريبه مصر الجديده,Customer Service
سمحتوا حبيت اجيب كشف فاتوره بمكالماتي اجبها الفرع ؟ ؟ ولو كده بتكون حسب اطلبها بمعني اني اختار كشف المكالمات ﻻنهي شهر ؟ ؟ وهل حد يجبهالي ولو حبيت اخلي حد غيري يجبهالي هيحتاج ياخد بطاقتي وﻻ ؟ ؟,Customer Service
حضرتك بالنسبه للناس محافظات بعيده دمياط والسفر تكلفه ومشقه ليهم مقر تاني ؟,Customer Service
يمن دسوق وعندي خط الرضي اوصل نت هل دسوق نت,Customer Service
مسافر وعاوز اوقف الخط شهور الاجراءات,Customer Service
نفسي اشتري خط وكل منافذ البيع الخاصه بقت صيانه وبيع فقط للعلم بكلم قلب الغردقه شارع شيري,Customer Service
رقم خدمه العملاء الدولي ؟ !,Customer Service
اه واجه اشترك تبقي الشبكه مشغوله واتصل بخدمه العملاء مشغوله لحد الرصيد مخلص ويسمعوني موسيقي واغاني,Customer Service
كنت فرع ليا,Customer Service
اتصل خدمه العملاء يقولولي انتظر العملاء مشغولون بالرد عملاء اخرين,Customer Service
كنت اشتري خط الفرعسعره كاموعايز الخطوط الجديده عروض نت ؟ ؟,Customer Service
لما بعمل مكالمه بيقولي ايقاف الخط بناء طلبك ويجب الرجوع للمفوض مطلبتش الحل,Customer Service
mail مبعوت للموظفين غن التدريب الصيفي ضروره املاء اون لاين اقدر اون لاين لاني دخلت عادلي الشركه وملقتش,Customer Service
ينفع حد عنده يجيب خط الشركه لازم اكبر كدا,Customer Service
يا جماعه تليفوني اتسرق وعايزه ارجع الخط اه,Customer Service
سمحتو كنت رقم خدمه العملاء,Customer Service
مواعيدكوا رمضان,Customer Service
خدمه اكلم خدمه العملاء طريق الشات,Customer Service
سعر فلاشه النت وبتتجاب منين وي سعر الاشتراق الشهري ولو بشتريها فرع فرعكوا فين الفرع لي فيل مقطم,Customer Service
التغطيه النت عندنا منطقه كفر الشيخ ودسوق بالتحديد ضعيفه شويه اذنكم تشوفوا المشكله وترجع الشبكه حلوه,Customer Service
"I had a big problem with your customer service they are incompetent and rude Today i charged a prepaid card for a friend abroad with EGP , they deducted without any reason and when i called to ask they said its a confidential reason ! I need a reSponse before going to consumer protection !",Customer Service
مركز كايرو فاستيفال فاتح,Customer Service
التحويل الشرطي والديها,Customer Service
سمحتوا خطي اسابيع ومش عارف فيريت تشغلوه اروح فرع,Customer Service
بتبقي مواعيده وازاي نشترك وايه شروطه ؟,Customer Service
السلام عليكم ورحمه الله وبركاته الساده الافاضل خدمه عملاء اشتريت خطين بقسيمه ( فاتوره ) ولظروف خاصه لقيت اتباع والاخر لااعلم عنه هل مساله قانونيه شكرا,Customer Service
منفذ بيع اجيد القراه الكتابه واجيد التعامل الحاسب الالي وخدمه العملاء وشكرا,Customer Service
سمحتو جت لي رساله تطلب مني تجديد البيانات واتصلت واعطيتهم الرقم القومي وبعدين قالو لي لازم تروح الفرع,Customer Service
السلام عليكم حضرتك فرع محافظه المنيا مركز مغاغه,Customer Service
اتصلت بخدمه العملاء وكل يقولو هنتصل بيك حد بيسال مشكله حصلت معايا فات حد اهتم,Customer Service
الهاتف الخاص بي يطلب بطاقه uim يتم تشغيل g هل لديكم النوع البطاقات ؟,Customer Service
دلوقت عملت رقم pin ونسيت الرقم وقعت اجرب لغايه لما ظهرلي رفض البطاقه,Customer Service
مش عارفه اقدم النت ينفع اقدم cv بتاعي لاي فرع قريب مني ؟ ؟ مش هينفع ؟ ؟ يوصلكوا cv ؟ ؟,Customer Service
يوجد وظائف كول سنتر لطلاب,Customer Service
بالنسبه للكارت المدفوع مقدما المفروض اعمله علشان احافظ صلاحيه الخط الشحن باستخدام كروت شحن لازم اد عادي تحويل رصيد واجراء المكالمات الرسايل اد علشان احافظ صلاحيه خطي وشكرا,Customer Service
ياخد موزع معتمد فرع الاوراق المطلوبه واتحرك ؟ ؟,Customer Service
معاد معين للحضور بيكون مقر معين فرع مشكله,Customer Service
اشتريت شريحه بالبطاقه وشحنت اتكلم بيقولي يجب نفعيل الشريحه ! افعل الشريحه ؟ ؟,Customer Service
مشكله الخط بتاعي مبيطلبش كود بيبدابالنجمه شباك,Customer Service
حضرتك الخط بتاعي واقع مني ازي البيانات ازي,Customer Service
تنزل اسعار الموبايلات سامسونج وهواوي كلها ومين الاحلي فيهم ياريت بسرعه,Customer Service
غندي خط فلاشه نت بقالي سنتين مشغلتهوش,Customer Service
يا جماعه احترامي ليكم انتو بتقولو رجع خطك القديم ماستخدمتوش شهور خط شلته لمده شهر وبعد لما اشغله قالي يتم تسجيل البطاقه,Customer Service
الفروع القريبه قاعه المؤتمرات المتوافر المنتج للشراء ؟ ؟,Customer Service
معايا خط ومش عارف اشغله عرض وجاي رساله تنظيم,Customer Service
مشكله الشركه واتمني حد يحلها,Customer Service
رقم خدمه العملاء ضروري جدا جدا جدا جدا,Customer Service
بيانات رقم عطان بيغلس ناس اعرفه فين وعايز اقفله الخط,Customer Service
معايا خط وبقالي شهر مشغلتوش بيديني بالخدمه العمل علشان الخط يرجع تاني ؟ وشكرا,Customer Service
خط وبعدين الخط اتكسر فتره طويله جدا روحت قالي الخط اتوقف والخط دا مرتبط بيه حاجات ياما حل اني ارجعه تاني,Customer Service
سمحتوا خط قديم اشغلو تاني ؟ لما اجي اتصل ( مسجل الشبكه ),Customer Service
محتاجه حد خدمه العملاء متشلش,Customer Service
مشكله شاري خط جديد فمركز خدمه عملاء وكتبت العقد وكل ومشيت وكل ماجي اتصل باي رقم يجيلي رساله صوتيه زور فرع لتفعيل الخط نرجو حل المشكله,Customer Service
حضرتك شحنت كارتين جنيه اتخصموا بدون سبب وكل اكلم خدمه العملاء يقولي شويه ه كلمني بحجه مختلفه,Customer Service
ياجماعه حد يساعدني استخدم هيا خدمه العملاء,Customer Service
ياافندم نركب راوتر خط تليفون كبسوله الشارع ساكن الحل ولكم جزيل الشكر,Customer Service
عملت حساب جديد هنسيت كلمه المرور وطلبتها وجالي البريد الالكتروني وكلمه المرور الجديده وبدخلهم بيقولي خطا كلمه المرور اسم المستخدم الحل ولو امسح الحساب واعمل بدالوا جديد امسحه تسجيل دخول,Customer Service
مواعيد العمل امته فروع ؟ وشكرا,Customer Service
huawei ascend mate gold فرع وبكام واقدر اوصله ؟ ؟,Customer Service
ترجيع الخط,Customer Service
اشتري السامسونج بالقسط شهر كده شهر شهر بيبقي مقدم,Customer Service
الخط اتوقف وعايز اشغله تاني ؟ ؟,Customer Service
اشتريت خط محل ومحتاجه اسجله اسجله ؟,Customer Service
كلمت خدمه العملا ومحدش افادني بحاجه,Customer Service
اسجل الخط باسمي مشتريه فتره طويله والعلبه بتاعته ضاعت ؟ ؟,Customer Service
اكلم حد خدمه العملا الرقم اتصل بيه ؟,Customer Service
محتاجه رد منكم ضروري اكونت بيعمل اعلان وظائف للشركه ؟ ؟ اكونت عامل اعلان وطلب cv وصور للبطاقه وشهاده الميلاد وشهاده التخرج الانترفيو اصلا وقبل,Customer Service
شركه صغيره فرد اعملهم خطوط مسلسله ياريت حد يرد عليا,Customer Service
هوا استقبال المكالمات بيجدد صلاحيه الخط لازم مكالمه اجدد صلاحيه الخط,Customer Service
معايا خط بقاله ومش سجلته ينفع اسجله طريق الموبيل ولالا,Customer Service
حد خدمه العملء,Customer Service
نزلت اشتري خط تاني قالولي الخطوط موقوفه البحر الاحنر فعلا كده,Customer Service
شركه كبيره وتنساني وما اخدش هديتي دا عميل مميز شوفو حل للمشكله,Customer Service
كلمه خدمه العملاء وهما قالو هنحولك للدعم الفني والخط قطع كد حرام انتظار دقيه,Customer Service
الخط بتاعي مكتوب اختي احوله لاسمي ينفع اخد بطاقتها واروح الفرع,Customer Service
الفواتير علشان اوقف الخدمه,Customer Service
كنت اكلم حد الشركه خاص ضروري,Customer Service
حجز الارقام رقم مميز كلاب,Customer Service
حضرتك مشكله الخط وكل اكلم خدمه العملاء يقولي لاحقا ومش عارف,Customer Service
الشريحه خاليه تماما ومش بتقبل اسامي,Customer Service
حضرتك الخط بتاعي قفل خالص وعاوز تحديث بينات وكل خط تاني مطلوب تحديث بينات,Customer Service
مواعيد الفروع تفتح الساعه,Customer Service
السﻻم عليكم محدث بيناتي دقائق ومعنديش فرع اتصاﻻت علشان استكمل البيانات,Customer Service
كارت الشحن اتخدش منه اربع ارقام ؟,Customer Service
الخط بتاعي ضاع كنت خط جديد بنفس الرقم,Customer Service
عناوين فروع موجوده المنصوره اسجل خطي ؟,Customer Service
استبدلت شريحه وكل ماجي اسجل اسم الشريحه يقولي الذاكره ممتلئه الحل وبيجيلي طول دايما خطا تسجيل الشبكه,Customer Service
واكلم ترجعوا الخط للي سرقتوه ؟ !,Customer Service
فرع كفرالشيخ ؟,Customer Service
كنت حاجز رقم الموقع ومش عارف هيجي فرع ؟ ؟,Customer Service
مشكله usbمودم مشغال هل صيانه فرع,Customer Service
مشكله شريحه لما اتصل بيها حد يقفل ويديني مشغول واذا حد اتصل عليا يديلو مشغول برضو واذا اتصلت بخدمه العمله يديني مشغول الموضوع بقالو شهر وقفت حالي خالص,Customer Service
رقم خدمه العملاء النت فاصل والحكايه بتتكر كتير,Customer Service
هل متوفر الفروع عندكم موبايل انفينكس نوت برو اللون الفضي,Customer Service
رقم خدمه عملاء الارضي,Customer Service
حضرتك المقر الرئيسي الاسماعيليه فين بالظبط,Customer Service
اشغل خدمه اضعاف شحنتي ! ! ببعت رساله ل ومش اشتغل,Customer Service
كنت اسئل فروع لحضراتكم متاح شغل للطلبه اذنك,Customer Service
خدمه العملاء رقمها,Customer Service
ارجع الشريحه بتاعتي والرسوم استرجاع الشريحه,Customer Service
اعﻻن وظائف اتصاﻻت صح وﻻﻻ وفرع اسوان,Customer Service
السلام عليكم خدمه عملاء,Customer Service
الدعم الفني انترنت,Customer Service
سعر huawei y واقرب فرع اجيب منه,Customer Service
مشكله اشتريت خط اتصﻻت واريد اسجله باسمي واتصلت بخدمه العمﻻء لي اذهبي مركز خدمه العملاء وذهبت لي ﻻ يقدر ﻷنه مسجل شخص ثاني ماذا افعل,Customer Service
اشتريت خط خارج مصر وبقالي شهور يستعمل واعتقد اتقفل ارجعه تاني العلم ارقام مهمه ورصيد كبير الاجراءات واذاي اتصل بخدمه العملاء خط تاني للتواصل معهم,Customer Service
المكان انتر فيوه اشتغل خدمه عملاء,Customer Service
بعت رساله الابلكيشن بتاعكم فتره ومحدش عبرني اسميه سوء خدمه عملاء اسميه اهتمام اسميه ابقي عارف واتكلمت امبارح قالوا حد هيرد عليك ومحدش عبرنا ! !,Customer Service
السلام عليكمهوا احول خطي بنفس الرقم شبكه تانيه لاتصالات لازم اروح الفرع طريقه تانيه وشكرا,Customer Service
اتخصم مني جنيه بلغي الباقه وبعمل واحده تانيه فنفس وكلمت خدمه العملاء قالولي اتخصمت,Customer Service
موبايلي اتسرق وعاوزه ارجع الخط والمشكله الفرع بتاعكم بعيد البيت الحل,Customer Service
رقم خدمه العملاء لان الشريحه اغلاقها دائم لان ابني الصغير ادخل رقم PUK مرات خطا وعندما حاولت ادخل الرقم الخط الرساله الشريحه اغلاقها دائم الحل وشكرا,Customer Service
فضلك خطي واقف واتصلت بخدمه العملاء وعملولي استبدال شريحه واتسجلت البيانات باسمي هل اسجل الخط زوجتي تسجيله باسمي العلم اني مجبتش الشريحه وشكرا,Customer Service
سعر مكالمه خدمه عملاء تانك ؟,Customer Service
الخير رقم خدمه العملاء,Customer Service
اسكندريه ونزلت امبارح اغلي فرعكوا لقيتو قفلين اقدم روتر فرع فاتح انهارده,Customer Service
مانا هروح للفرع واثبتلهم الخط بتاعي,Customer Service
للتقديم ستور Etisalat Misr طريق ؟ ؟,Customer Service
فضلك فرع للاتصالات سكنه شارع جمال عبد الناصر الحرفين مدينه السلام,Customer Service
اشتغل فرع بدرس,Customer Service
جبت راوتر والخدمه اشتغلت مارس والمفروض ادفع جنيه لان جايب خط ميجا عرض شهور روحت امبارح دفعت كلمت خدمه العملاء ويقولو هنحولك قسم الفواتير ويقفلو الخط ومحدس معرفني ادفع بالضبط وليه وهيه ؟,Customer Service
اقدم شغل خدمه العملاء,Customer Service
هل I phone plus فروع ؟ وبكام ؟ ؟,Customer Service
اسال ومتقوليش زور الموقع اققرب فرع تعبت الزيارات عملت عندكوا احول بنفس الرقم واخدت شريحه وقالي هيشتغل عدي ولسه متحولش يبقي,Customer Service
خطي اتوقف وعايز ارجعه ولما اجي اتصل بخدمه العملاء بيجيبلي طواريء,Customer Service
احلي شبكه وافضل خدمه عملاء شكرا لكل العاملين مجهود رائع,Customer Service
حضرتك ينفع دبلوم سياحه وفنادق يشتغل انجليزي بسيط واعفاء الجيش,Customer Service
الموبايل بتاعي اتسرق وعاوز اوقفو خالص مهما رد,Customer Service
مواعيد العمل داخل فروع خدمه العملاء بحيث ادفع الفاتوره,Customer Service
مواعيد عمل مراكز البيع للشركه رمضان روحت مرتين لاحد الفروع وبيبقي قافل ؟ ؟,Customer Service
اتصلت بخدمه العملاء بتاعتكم وسجلت الرقم بتاعي بالبطاقه لانو مكنش متسجل زمان معايا وقالولي كدا الخط اتسجل روح فرع وسجل العقد رسوم الفرع,Customer Service
شرائح بيانات فرع شربين ؟ فرق شرائح البيانات والصوت بالنسبه شغلتهم انترنت,Customer Service
بقالي فتره مشحنتش خطي شحنت شويه وبتصل بيقفل طول ومش عارف اتصل بخدمه العملا,Customer Service
مكالمه لخدمه العملاء وتسجيل مشكله لقسم الشكاوي يتواصل معي وصلت رساله حل المشكله ومفيش حصلت خدمه يااتصالات,Customer Service
بالنسبه للتقديم شرط ينفع حد يقدم مؤهل فوق متوسط ينطبق الشروط المكتوبه,Customer Service
MEN @TION مصر موجودين امريكانا بلازا ؟ وهل مكان تاني موجودين قريب ؟,Customer Service
اذنك بني سويف ففي فروع لاتصالات معتمده محافظه بني سويف لتعين المحافظه وينفع اققدم للمقابله الشخصيه,Customer Service
مواعيد العمل فروع رمضان خاصه فرع احمد عرابي المهندسين,Customer Service
اذنكم فرع مصطفي النحاس ماك فاتح الصلاه ؟,Customer Service
الخط المميز حضرتك الفرع ?,Customer Service
رقم خدمه العملاء MEN @TION misr,Customer Service
اكلم خدمه العملا,Customer Service
السلام عليكم ورحمه الله وبركاته كيف تتلقي اقتراحات عملائها معني حد عملاء لديه اقتراح للشركه لتقديم خدمه معينه متوفره باقي الشركات المنافسه وتكون شركه السبق تقديم الخدمه وتسهم الخدمه تميز الدائم نتكلم نقدم لهم الاقتراح شكرا مقدما,Customer Service
سمحتوا مواعيد الفروع رمضان فاسوان ؟,Customer Service
السلام عليكم اشتري خط جديد وعايز فرع لي فين القنطره غرب,Customer Service
Etisalat Misr جربت اشترك الكود ابعت رساله قيمه الباقه مشتغلتش وجربت اكلم خدمه العملاء لما حولني عليهم والرساله خلصت المكالمه اتقفلت لوحدها,Customer Service
مواعيد عمل فروع شهر رمضان لكام ؟,Customer Service
كنت شروط تقديم كول ستنر خدمه عملاء للطالبه محافظه السويس ازي ؟ ؟,Customer Service
اشحن خطي بكرت موبيلي سعوديه وعايز رقم خدمه عملاء الرجاء,Customer Service
"السلام عليكم ورحمه الله وبركاته لما ٲجي ٲشترك خدمه ٲضعاف شحنتك بتجيلي الرساله عميلنا العزيز , نتمكن تنفيذ طلبكم برجاء الاتصال بخدمه العملاء ؟ ؟",Customer Service
موبايلي اتسرق وعاوز اروح فرع ارجع الخط الخط لما بيرجع بيبقي الاسامي ? ?,Customer Service
rakm edmeet l omlaa kaam ? ?,Customer Service
معايا خط مسجلتش بياناتي ينفع اكمل بياناتي عالنت ? فرع قريب مني,Customer Service
مشكله لما بتصل باي رقم مبسمعهوش واتصلت بخدمه العمله مرات متحلتش المشكله,Customer Service
خدمه العمﻻء نمرتها,Customer Service
كنت مسجل خط اسمي والفون اتسرق ورحت الخط وقلولي عطل تعالا بعدين اتفاجي دلوقت الخط تاني فين حقي,Customer Service
رقم خدمه العملا ؟,Customer Service
فروع ارقام ؟ ؟ ليها ياريت رقم فرع الدقي ( السرايات ) ؟,Customer Service
ياادمنز مشكله الخط فتره والشركه مقد مقدمتليش حل,Customer Service
ماتصل بخدمه العملاء تفضل تقولي الموظفين مشغولون برد عملاء اخرين ومبوصلش لحد واقفل والمكالمه تتحسب وشكراا كده,Customer Service
حضرتك شبرا الخيمه اروح للفرع المؤسسه ؟ ؟ :],Customer Service
والله الواحد ندمان انو اشتري خط اساسا لما اتصل مرات خدمه العملاء وماحدش عارف يفيدني بخصوص خدمه الفيسبوك المجاني وف الاخر قالي هبعتلك رساله توضحلك تعمل بالظبط وماوصلتش لحد حالا حاولو مصداقيه الناس واحترمو عقولنا شويه وشكرا,Customer Service
الخط بتاعي لما خدمه العملاء حد يجبلي مسجل بالشبكه,Customer Service
معايا كارت شحن اتخدش وضاع منه ارقام قليله مساعده لكي اشحنه ؟,Customer Service
انتوا بتردوش هنا Etisalat Customer Care,Customer Service
ازنكم ياجماعه كونت فرع لكم هنا,Customer Service
المفروض حد يكلمني الشكوي كده اهتمام بالعميل,Customer Service
بصراحه جداجدا فاقد الثقه فيكم اتصلت بخدمه العملاء والمشكله قائمه يفيدوني المشكله باختصار سحب الرصيد,Customer Service
خدمه العملاء اكلمهم مشكله ضروري,Customer Service
سوري كنت بعته اني عوزه الشركه محتاجه تشغل حد الخطوات,Customer Service
خدمه العملا ! ؟,Customer Service
فرع لاتصالات مصر الجديده الحجاز,Customer Service
احصل فرصه عمل بلشركه الفروح,Customer Service
مفيس فرع قريب عبد الخالق ثروت,Customer Service
هوه فروع فاتحه ؟,Customer Service
فروع فاتحه انهارده عندهم اجازه,Customer Service
يمكنكم تشرفونا فرع وهنجوبك استفسارك اقل وقت وشكرا لتعاملكم الشركه,Customer Service
حد يرد التقدير المسئول للعميل والله تهريج ياجماعه منكم,Customer Service
السلام عليكم ياتري iphone se GB gold متوفؤ فرع ؟ ؟,Customer Service
ايفون + g وبكام هل عرض ولالا,Customer Service
الفروع بتبقي ولحد الساعه ؟,Customer Service
خطي حد يجي يكلمني يسمع صدي صوت وصوته بيتكرر حطيت الخط تليفون تاني وقالولي الدعم الفني لاقي صعوبه ومش عارف اوصل للدعم الفني حد يساعدني,Customer Service
Vodafone Egypt مواعيد العمل الجمعه فرع جولف سيتي العبور هيبقا الساعه لكام ؟,Customer Service
جددت باقه سوبر كونكت وجالي عرض باقتين بسعر باقه لما الباقه تخلص هاخد باقه تانيه يتخصم الرصيد ؟ ؟ النظام,Mobile Data Plans
نظام الدبل والسرعه وحشه جدا العلم عرض جيجا سريع جدا,Mobile Data Plans
وتصفح فيس وملهش وخلاصت ودي التاني وقله تمام استهلاك % حرام والله بقتين حرام والله وتصفح باقه بي جنيه,Mobile Data Plans
شغلت خطي الامارات ودخلت النت هتحاسب مانا مصر الاسعار هتختلف,Mobile Data Plans
عرض % باقه النت هيرجع امتا ؟ ؟,Mobile Data Plans
سمحتو كنت جايب خط نت والباقه خلصت اجددها ؟,Mobile Data Plans
سحبت الميجا وفاضلي,Mobile Data Plans
السلام عليكم عرض النت كونكت ضعف الباقه هنزل متي,Mobile Data Plans
كومنتات عرض وادي الرساله الاشتراك بنجاح باقه كونكت لديك ميجا صالحه تجدد الباقه تلقائيا شهر لمعرفه استهلاكك وميعاد التجديد القادم # * وماجاليش عرض,Mobile Data Plans
اذنكم اخلي رسائل التكوين تتبعت موبايلي ؟,Mobile Data Plans
مشترك عرض ضعف الميجابيتس وبطلب الكود وبتظهر رساله خطا الاتصال MMl حل,Mobile Data Plans
عرض ضعف الميجا منين الميجا الاضافيه فاضل اتابعها بدخل تطبيق الميجا الاساسيه ؟ ؟,Mobile Data Plans
مشترك عرض حكايا ابو جنيه المفروض دقيقه ميجا نت افتح النت مبيفتحش,Mobile Data Plans
باقه الخصم الميه عرض ؟,Mobile Data Plans
بتشترك باقه نت خط نت فقط فاكر كنت بتبعت رساله فاضيه لرقم الرقم ياريت تقولهولي,Mobile Data Plans
باقه السوشيال الشهريه !,Mobile Data Plans
سمحتو عرض انترنت موبيل انترنت,Mobile Data Plans
باقه نت جنيه,Mobile Data Plans
باقه النت معايا مفضلش ميجا اضيف عليهم جيجا,Mobile Data Plans
عرض خصم الميه باقه الانتر نت متاح,Mobile Data Plans
مشترك باقه جنيه والنت تقيل جدا جدا,Mobile Data Plans
مفيڜ عروض جديده نت للموبايل متعملو عروض باء,Mobile Data Plans
اسعار ومواصفات باقات الموبايل انترنت وكود الاشتراك,Mobile Data Plans
باقات انترنت موبيل بلا حدود ولو الاشتراك ولو باقات بلا حدود ام جنيه ! !,Mobile Data Plans
جبت تليفون جديد وجليش رسايل تهياه ومش عارف اجدد الباقه,Mobile Data Plans
الميجا بايت المتبقيه الباقه بتاعتي ! ! اعرفها,Mobile Data Plans
جالي رساله الباقه الاساسيه خلصت عامله باقه سوبركونكت الجديده ج الباقه خلصت ميجا الاساسيه ؟ اساسي وال سوشيال ؟,Mobile Data Plans
خصم باقه النت,Mobile Data Plans
النت تقيل,Mobile Data Plans
تجيلي ميجانت مجانا ؟ ؟,Mobile Data Plans
كنت الغي المواقع بره الباقه باقه super social,Mobile Data Plans
عامل باقه كونكت خمستاشر سوبر سوشيل العاديه وتم استهلاك ميه الميه الميجات فانا حولت رصيد وعايز اجدد الباقه معادها لان معاد تجديدها ؟ ؟ ؟ ؟,Mobile Data Plans
مشتركه سنين اخترت الهديه ميجا والباقه خلصت تقعد معايا,Mobile Data Plans
اذنك كنت مشترك باقه انترنت وخلصت وبقالي فتره ماشحنتش وعاوز افعلها تاني ؟ العلم اني شحنت ومش راضيه تتجد لوحدها وبيسحب الرصيد حسب الاستهلاك,Mobile Data Plans
"تقدر تخلي باقه كونكت الشهريه حدود جنيه زياده , للاشتراك ابعت رساله R ل اشغل فيديوهات لحد اخر تصفح افيدوني",Mobile Data Plans
سمحتوا باقه نت جنيه احول لباقه اكبر الخطوات اعملها فضلك,Mobile Data Plans
استهلكت اد الباقه ؟ ؟,Mobile Data Plans
معايا خط داتا ازود الجيجا وبكام,Mobile Data Plans
محدش بيرد ؟ ؟ عرض خصم الباقه نهارده ضعف الميجات ومعاد التجديد نهارده بكرا ؟ ! !,Mobile Data Plans
رسالهه التكوين ياجماعهه ! ! ضروري ؟,Mobile Data Plans
عامل الباقه امبارح عو عرض ضعف الميجا اداني جيجا النت تقيل جدا التحمل وكل ؟ ؟,Mobile Data Plans
استفسرين اخلي استعلام الرصيد يجي المكالمه بيجيلي وبعدين اختفيت تاني الغي النت بحيث لما اشحن علشان باقه مكالمات ميجددش باقه النت تلقائي,Mobile Data Plans
الفرق عرض تجديد الباقه وعرض الشحن اضعاف دا عامله باقه حكايه ؟ ؟,Mobile Data Plans
رساله ضعف الباقه جتلي جدد الباقه اخد الضعف,Mobile Data Plans
اشترك منجز خط عادي لازم احول فاتوره,Mobile Data Plans
عرض الموبيل انترنت قريب,Mobile Data Plans
كدا مصدقيه شحنت وجاتلي الرساله الاشتراك بنجاح باقه كونكت لديك ميجا صالحه تجدد الباقه تلقائيا شهر لمعرفه استهلاكك وميعاد التجديد القادم # * ومعاك ضعف الميجابيتس كدا باقه,Mobile Data Plans
اشترك العرض مفاجاه سنين : ميكسات لارقام اوموبيل انترنت طول بجنيه,Mobile Data Plans
الباقه النت بتتعمل ازين,Mobile Data Plans
حضرتك اشتركت باقه سوبر كونكت ج بتدي اساسين وNUM اضافين بستعمل الاساسي الاضافي ؟ ؟,Mobile Data Plans
سمحتو لما * # يقولي يتم عمل استخدام الامس كنت فاتح سوشيال امبارح ؟,Mobile Data Plans
كنت مشتركه باقه سوبر كونكت جنيه ميجا وده شهر استخدام تاني شهر لما اجددها اداني ميجا اني دفعت الثمن,Mobile Data Plans
حضرتك خصم ضعف الميجا بايت,Mobile Data Plans
استهلاكي باقه النت وكل اتصل بالكود يقولي وقع خطا الحل,Mobile Data Plans
مشتركه باقه دماغ تانيه جيجا وNUM دقيقه وباقه المكلامات خلصت عيزه اجدد المكلامات اتصل بكود,Mobile Data Plans
الميجا فاضله الباقه,Mobile Data Plans
شحن الباقه بتعتي جنيه ولسه والنت تقيل معاني لقطه شبكه D,Mobile Data Plans
اشترك باقه نت بلا حدود والكود الاشتراك اذنك,Mobile Data Plans
باقه النت بتاعتي خلصت وعايز اجددها عرض ضعف الباقه متاح ؟ ؟,Mobile Data Plans
باقه كونكت وعامل ضعف الباقه والباقه الاساسيه استهلكت % والباقه الاضافيه باقي كده هتخلص,Mobile Data Plans
الميج الوحد بكم عندكم,Mobile Data Plans
مادخل يقولي متاحه الصفحه,Mobile Data Plans
رسائل ضبط الخدمه للتابلت الاندرويد الصيني بيفتح نت تطبيقات مش بتفتح,Mobile Data Plans
كنت مشتركه باقه النت فات دا شحنت ج سحبوا جنيه ونص وادوني ميجا انهارده لغولي النظام القديم ؟ ؟,Mobile Data Plans
احاول اشترك باقه النت اليوميه يقولي الباقه متاحه لنظام خطك الحالي حل !,Mobile Data Plans
الغي باقه النت,Mobile Data Plans
عروض باقات النت للموبيل,Mobile Data Plans
ميجا محدود الخصم لحد فين رقمين كذالك محدود محدود سياسه استخدام عادل ؟,Mobile Data Plans
كنت مشترك باقه كونكت ج كدا رساله وصلت بتقول الوصول ل % السرعه القصوي معناها,Mobile Data Plans
اخلي استخدمه دقايق وميجابايتس يرجعلي ببلاش ؟,Mobile Data Plans
ضعف الباقات رمضان مبتعملوش خير رمضان,Mobile Data Plans
الخدمه تشتغل سامسونج تاب النت ضعيف ومش اقدر افتح اللينك رجاء,Mobile Data Plans
مشترك خط نت تقريبا ام افتح النت يشتغل فيس بوك واتس اب ويب بيفتح فون اللاب وبيجيلي صفحه استكمال بيانات العملاء ام ادخل رقم تليفون يقولي الرقم غلط وكذلك الاكونت ومش عارف افتح نهائي طول الفتره فاتت ؟ ؟,Mobile Data Plans
مشترك باقه ومعايا لسا ميجا كنت فاكر انهم ميجا عادين معرفش سوشيالعايز باقه نت برا السوشيال المفروض هيبقي معايا ميجا استخدمهم حاجهلو اشتركت باقه ميجا فاضلين معايا هيفضلو هيضيعو ؟,Mobile Data Plans
احول نظام حكايه مكالمات ونت مكالمات فقط كود للتحول,Mobile Data Plans
اخلي النت ل مواقع السوشيال بالنسبه لباقه السوشيال ؟,Mobile Data Plans
هوه الاشتراك عرض المجاني باقه السوشيل بيلغي باقه النت مشترك,Mobile Data Plans
عرض ضعف باقه الانترنت متاح ! ؟ ؟,Mobile Data Plans
هل عرض الضعف باقه سوبر كونكت بتدي ميجا سوشيال وNUM ميجا اساسيه متاح ؟ ؟,Mobile Data Plans
كنت عروض باقات النت الشهريه,Mobile Data Plans
شحنت امبارح بي ج وبعت رساله رقم اختو مني ج ومختش الميجا ؟ !,Mobile Data Plans
ششاحن اكسترا م GB ومفيش ضعف,Mobile Data Plans
كنت اشتركت نظام دماغ تانيه وعايزه ازود باقات انترنت اضافيه نظامها !,Mobile Data Plans
كودتشغيل خدمه النت الخط لان خدمه النت موقوفه,Mobile Data Plans
الفيس بوك المجاني,Mobile Data Plans
عامل عرض ضعف الميجابيتس باقه السوشيال باقي معايا جنيه ومش عارفراحو فين,Mobile Data Plans
هوا باقه موبايل انترنت بلا حدود اقدر تحميلات منا ولو اعلا باقه,Mobile Data Plans
باقه منيو السوشيال غلت وبقت بجنيه هتفضل بلا حدود بسرعه اقل ؟,Mobile Data Plans
ليك دقيقه ميجا بايتس هديه صالحه لنهايه تاخد هديتك # * ازنكم استلمتهم هتلغوالباقه النتاللي,Mobile Data Plans
حضرتك لما بفتح نت عمره بيقلب G طول + H اني لما بفتح المكان بتبقي G عادي ؟ ؟ ! ! ؟ ؟,Mobile Data Plans
عرض منجز الهوائي مستمر طول ولافتره محدده بمعني اشحن الباقه هاخد الميجا الهديه فتره معينه وشكرا,Mobile Data Plans
لوسمحتوا اشغل خدمه الانترانت موبايلي,Mobile Data Plans
جاني ميجا مجانا استخدمهم ؟ والدقائق,Mobile Data Plans
نت ضيف اوي وكل اشحن وعامل اضافه خدمه نت بيكون ضعيف اوي موش عارف,Mobile Data Plans
هوا G شغاله فين المحافظات القاهره,Mobile Data Plans
مشترك باقه نت سوشيال وخلصت معادها ولاحظت اني لما اتصفح الفيس واخرج بيتم خصم ميكسات باقتي حكايه ميكس وعلي فكره السرعه بطيئه جدا بيخصم مكسات ! ! فايه الحل ؟,Mobile Data Plans
اشترك فر باقه انترنت موبايل كونكت اشترك,Mobile Data Plans
اذنك ازي يجيلي رسايل ضبط النت ؟,Mobile Data Plans
يا جماعه اشغل النت مسحت نقاط الوصول ومش عارف بترجع كومنت ومحدش رد عليا,Mobile Data Plans
معي خط نت باقه وعايز تحول باقه دبلوم ؟ ؟,Mobile Data Plans
كنت عامله باقه نت كذا شهر وعاوزه الغيها لما باقه تانيه اغلي ارخص ؟ ؟ !,Mobile Data Plans
باقه الموبايل هتخلص يومين وانتو عاملين لي عرض عليك ومره علينا هل هتتجدد تلقائيا اليومين,Mobile Data Plans
معايا خط عادي وعامله باقه نت ينفع الخط اخليه داتا نت والمكالمات تتلغي ؟ ؟,Mobile Data Plans
عرض ضعف الميجا بايت بتاع * # نظامه بعمل باقه لما اختار الفتره الصباحيه هيديني ميجا مجانيه بقي ؟,Mobile Data Plans
شنو اعلا باقات انترنت,Mobile Data Plans
ببقا عامل الباقه سوبر سوشيال بلا حدود لما بخلص % الباقه بتبقا شغاله رسايل وكدا بيبقا معايا رصيد بيتاخد ؟ ؟,Mobile Data Plans
اشغل خدمه المواقع مجانيه لباقه نت,Mobile Data Plans
اشتركت عرض سوبر كونكت وقالي لديك ميجا باقه اضافيه خدمه الباقه ؟,Mobile Data Plans
انادلوقتي فوني عادي وعايزه الشغل النت بعت رساله فاضيه لرقم وبعتلي رساله التكوين وقالي احفظها عاشن يتم تشغيل النت وماشتغلش اني معايا رصيد تاني ؟ ؟,Mobile Data Plans
يا ناس تقولوانت ببلاش الاخر افتح النت يخصم جنيه ونص حرام عليكم عاملوا الناس بموضوعيه وبلاش الهاشتات العائيه,Mobile Data Plans
شفت كذا كومنت عرض ضعف باقات سوبر كونكت دا صحيح ؟ !,Mobile Data Plans
باقه نت منفصله الاتصال منفصله المكالمات خاصه بالنت فقط تشرحلي وكيفيه الاستفاده الاكبر ولسيادتكم جزيل الشكر,Mobile Data Plans
مشتركه باقه ضعف الميحابيتس عامله وقت استخدام الميجابايتس المجاميه مساءا ل الصبح وصلتني رساله اني استهلكت الميجابايتس المجانيه انادلوقتي افتح نت بالليل مبيجمعش لاني دا وقت الميجابيتس المجاني استهلكتها ؟,Mobile Data Plans
حضرتك لما بشغل G دا بيستهلك البطاريه ملهاش دعوه,Mobile Data Plans
اعرفه رقم الاشتراك النت,Mobile Data Plans
اسبوع السوشيال المجاني هتستفيد بباقه السوشيال اليوميه الفيس والواتس وفايبر فيس,Mobile Data Plans
عامل باقه حكايات مكس ومشترك باقه نت كنت هيخصم الباقه المكسات ولو اتحكم ؟,Mobile Data Plans
شحنت وجالي ج هديه وخط بتاعي مبيفتحش نت خالص,Mobile Data Plans
الجيجا صالحه لمده اد,Mobile Data Plans
اذنك معايا شريحه نت ومشترك بيها باقه جنيه والباقه خلصت وعاوز اشتري جيجا بايت ؟,Mobile Data Plans
كنت ازي ادخل فيس مجاني,Mobile Data Plans
حضرتك عرض ضعف الميجا هايشتغل امتا لاني بتصل نجمه شباك يجني رساله يقولي الرقم متاح عرض كونكت,Mobile Data Plans
خصم عا بقات النت %,Mobile Data Plans
السلام عليكم استعمل خط وعايز باقه نت,Mobile Data Plans
عروض لباقات النت,Mobile Data Plans
مصر كنت عامل باقه انترنت وعاوز الغيها برا مصر ياريت تساعدوني,Mobile Data Plans
يا استاذ حامد مشترك اشتغلت تقريبا وبعد كده افتح الفيس يقولي جاري الاتصال طول وكل لحد اللحظه ودي تحصل معايا,Mobile Data Plans
البقت النت كم استهلك كيف البقها بي الجديده,Mobile Data Plans
اشتركت باقه للموبايل انترنت يومين ومش راضيه تفتح تحميل خالص لاي صفحه رد بالحل,Mobile Data Plans
عملت الباقه سوبر كونكت جنيه المفروض تديني جيجا خدت جيجا ميجا اصليه وNUM اضافيه,Mobile Data Plans
مشترك عرض ضعف الميجا بايت باقه وظهرلي حالا استهلاك % الباقه هل % الباقه الاساسيه جيجا وربع جيجا ونص كلهم ؟,Mobile Data Plans
"عملت باقه نت وجاتلي قسيمه شراء ابدلها محل فوري , التوضيحوشكرا",Mobile Data Plans
مشترك الباقه الجمعه لحد اجاني رساله بتقول اني استهلكت :: اني مانزلتش النت,Mobile Data Plans
معايا فلاشه نت اقدر اشغلها الموبايل ؟ ؟,Mobile Data Plans
هعمل باقه نت الكارت هتكون جيجا وعايز الكود هشترك بيه,Mobile Data Plans
عاوزباقهاقدراشغلمنهايوتيوبكتيرواتصفحفيهاوافتحفيس وفايبروتقعدشهركاملاعملباقهبكاموشكرا,Mobile Data Plans
لسا مشترك باقه وجاتلي رساله طول استهلاك ٪,Mobile Data Plans
اشتركت عرض حكايه مشترك باقتنت هتتلغي اتصل الغيها,Mobile Data Plans
عامل باقه وفاضل ميجا بتوع الاستريمنج وكل افتح سوشيال ميديا يسحب الرصيد ميسحبش الرصيد,Mobile Data Plans
حضرتك مشكله صغيره مشترك باقه نت سوبر كونكت الجديده وعاوز اشترك باقه كونكت الشهريه العاديه بيقولي النظام متاح لنظامك الحالي حل ؟ !,Mobile Data Plans
عملت باقه نت جنيه شهريه مشتغلتش فوني علشان جديد نوعه iku مشكله تتحل,Mobile Data Plans
حكايه اغيره لان الدقايق كتير باقه النت كبيره لان كتير دقيقه نت ودقايق اقل وادفع اقل شهر,Mobile Data Plans
حضرتك بخصوص الباقه حكايه نت ومكالمات جيجا للنت تطبيقات ومواقع معينه ينفع افتح الباقه جوجل ويتيوب وهكذا مقيده بمواقع معينه وشكرا ؟ ؟,Mobile Data Plans
دلوقت اشتركت باقه سوبر كونكت جنيه بدل المفروض اخد ميجا وبعد استهلاك اقل ميجا جاتلي رساله بتقولي استهلاك % الباقه الاساسيه وفين باقي العرض اسرع وقت,Mobile Data Plans
سمحتو اشترك باقه نت,Mobile Data Plans
ميجا تكفي استهلاك,Mobile Data Plans
كنت لما بشحن باقه النت كنت بطلب * #يوميا يجيلي ميجات مجانيه ودلوقتي لما بطلبه بيقولي تقم باستخدام الامس ارجع الخدمو تاني,Mobile Data Plans
الفرق سوشيال واستريمنج باقه النت,Mobile Data Plans
عرض باقات الموبايل انترنت انهارده,Mobile Data Plans
العلامه النت قلبت E وابن عمي شويه والنت بقي بطئ عندنا حل,Mobile Data Plans
الو اشترك ضعف الميجا وكل ابعت رساله ل بيقولي فشلت محاوله اعاد الاشترك,Mobile Data Plans
اني مشترك باقه انترنت ورساله التاكيد وصلتني والبيانات شغاله المو بيل نت,Mobile Data Plans
مشترك باقه كونكت الشهريه وعندي رصيد اضافي عرش تاني ولما بدخل النت بياخد الباقه يحسب الرصيد الاضافي ؟,Mobile Data Plans
بكد اذنكم اشتركت باقه كونكت جنيه امبارح وقالي ليا ضعف الباقه المفروض ليا ميجا ودلوقتي استهلكت وقالي اني استهلكت ٪ الباقه,Mobile Data Plans
عروض باقات النت ؟,Mobile Data Plans
مجدد الباقه وتقيله جدا الاستخدام ياتره حد يفدني,Mobile Data Plans
باقه النت اوشكت الانتهاء هل الاستفاده بعرض % المحدد علما باني استلمت رساله العرض وشكرا,Mobile Data Plans
باقه سوشيال الاستخدام حدود الباقه فقط لان بياخد م الرصيد الاساسي,Mobile Data Plans
كنت خدمه الموبايل انترنت ؟ هل يوجد نظام تحويل الميجابيت رصيد مكالمات بمعني كنت مشترك باقه كونكت جنيه استهلكت نص الباقه وبعدين حبيت الغي الباقه فكل اميجاببت الباقيه راحت وماتحولش الباقي رصيد وشكرا,Mobile Data Plans
باقه انترنت كتير ودقايق مكالمات وتكون حدود جنيه ؟,Mobile Data Plans
النت بقاله فتره غايه السوء وغالبا الباقه بتضيع اقدر استفاد بالكامل,Mobile Data Plans
مشترك باقه حكايه والنت ضعيف جدا جدا جدا,Mobile Data Plans
سلام عليكم خط نت والمودم الخاص zte mf s تالف واستخدم الخط التليفون وتم شحنه بالطريقه * * الرقم السري # رقم الكود افعل خدمه النت تبلغني,Mobile Data Plans
طريقه الاشتراك باقه الانترنت ( كونكت تقريبا ) ج شهريا وتتيح الحصول ميجا,Mobile Data Plans
اشتركت الباقه وجالي رساله قالي اني اشتركت النت مشتغلش ؟ ! !,Mobile Data Plans
طلبت الكود * #لاستلام هديتي رد عليا تقم باي استخدام العلم اني استخدمت موبيل انترنت ؟,Mobile Data Plans
خطي مبيدخلش النت لغيت الخدمه لكي اشغل النت تاني,Mobile Data Plans
عملت باقه نت امبار ح والنت اشتغل معايا تقريبا ساعات ومش جايب خالص,Mobile Data Plans
عروض باقات موبايل انترنت,Mobile Data Plans
باقات الموبايل انترنت الشهريه واسعارها ؟,Mobile Data Plans
السلام عليكم التعديل السيستم الخاص usp modem هيخلص متعطله بقالي اسبوع غلطه السيستم والدعم الفني بالتليفون ميعرفش التعديل هيخلص,Mobile Data Plans
معاك خط مكالمات وعاوز تخليه للنت تحوله لاي باقه باقات النت عادي ؟ ؟,Mobile Data Plans
مشتركه باقه بلا حدود جنيه للنت لما بشحن بتاخدوا جنيه للباقه لما بفتح نت عادي فيس بتاخدوا باقي الفلوس معايا افهم حرام بطلت اشحن,Mobile Data Plans
كنت مشترك فات باقه النت بتديني اساسيه وNUM الضعف رصيد واتجدد لوحدها ولقيت اساسيه وNUM اضافيه كده بقي قلت خالص فات,Mobile Data Plans
الرساله بتيجي بعظ ماقفل الداتا بتعرفني باقي الميجا مبقتش بتيجي لما كلمت خدمه العملا برضه متعملتش,Mobile Data Plans
اشترك باقه النت جنيه,Mobile Data Plans
نظام باقه نت شهريه الاسعارونظام جديد الابتعلنه عنه اشترك استخدم,Mobile Data Plans
نظام اهلا كله قرش اشترك باقه موبيل انترنت جنيه الكود ؟,Mobile Data Plans
باقه نت محدوه وهل ينفع شريحه النت تشتغل تليفون اندرويد علشان معنديش ارضي والاسعار,Mobile Data Plans
حضرتك شاحن امبارح اكسترا ميجابايتس جنيه جتلي رساله بتقولي استهلكت ٪ الباقه هوا بيتسحب مني جيجا بايتس منغير مستخدهم,Mobile Data Plans
عروض باقات النت,Mobile Data Plans
هل باقات بلا حدود للموبايل انترنت,Mobile Data Plans
انهي باقه نت موبيلي,Mobile Data Plans
ازنك عملت نظام فريهات يومين اجدد باقه كونكت قالي فعلا اتجددت ولما فتحت نت اكتشفت اني بفتح فريهات دلوقت الغي نظام فريهات الغيه ؟ !,Mobile Data Plans
نا مشترك عرض دقيقه وNUM رساله وNUM ميجا انترنت ج وجتلي رساله اخدتو الرصيد معايا كلو,Mobile Data Plans
النت دايما ضعيف ؟ ! !,Mobile Data Plans
مشترك باقه كونكت واشترك تلقائي باقه اكسترا مزيكا وخلصت باقه اكسترا ومش اضي يشغل اليوتيوب الباقه الاساسيه مستخدمتش,Mobile Data Plans
نظام النت تستخدمه تخده اشترك,Mobile Data Plans
كنت عرض نصف التمن ينزل ؟ وايه تفاصيل عرض باقه النت سوشيال بلا حدود,Mobile Data Plans
؟ كنت مشترك عرض كونكنت ميجا وبعدين اشتركت كونيكت جنيه ميجا قولي الغي عرض ميجا وارجع لعرض ؟,Mobile Data Plans
عروض ضعف الميجا الباقات ؟ وخدمه سوبر كونكت شغاله ؟ ؟,Mobile Data Plans
باقه سوبر كونكت استخدمها السوشيال ميديا طول بتكون محدوده عباره ميجا بايتس ؟ ؟,Mobile Data Plans
هل عرض ضعف باقه النت قائمه الاسعار وشكرا,Mobile Data Plans
شهر ومش عارف اشترك عرض ضعف الميجابايت الكود يبعت رساله مكتوب بالفعل مشترك عروض كونكت,Mobile Data Plans
باقه نت شهريه سوشيال,Mobile Data Plans
مشترك تبع رايت والنت بطئ جدا وبيخرج الصفحات لوحده وبعدين ادخل يجبيلي صفحه استكمال البيانات ومبعرفش ادخل الصفحه المطلوبه,Mobile Data Plans
باقتي سنويه وموعدها يومين التجديد شحنت ينفع مشكله وممكن احسن باقات النت لاني مشترك باقه جنيه الشهريه بتبقي تقيله التحميل,Mobile Data Plans
سمحتو عمله باقه نت وشحنت ومجتش رساله تاكيد عيزه الباقه اتجددت,Mobile Data Plans
باقات النت للداتا اكوادها سمحتوا,Mobile Data Plans
عامل باقه النت النت بطي اوي اه الحصال نت اصراع فضلكم مساعده ضروري,Mobile Data Plans
كيفيه الاشتراك بباقه النت,Mobile Data Plans
شحنت باقه جنيه والباقه ماجددتش انتهاء الباقه بيوم شحنت كمان اربع كروت,Mobile Voice Plans
معاي باقه سوبر كونكت وعايز متبقي ميجا بايت وشكرا مقدما,Mobile Voice Plans
هوا عرض الباقات ؟,Mobile Voice Plans
اشترك نظام اهلا بالثانيه,Mobile Voice Plans
استهلاك الباقه النت نظام دماغ تانيه وازاي كول تون مالميكسات,Mobile Voice Plans
معايا خط نت وخط للمكالمات احول لنظام حكايه نت ومكالمات خط فيهم خط النت المكالمات وشكرا,Mobile Voice Plans
اناعامله باقه جنيه وكل اتصل حد يقولي خدمه رنه عالنوته الغيها,Mobile Voice Plans
عملت العرض م يخلص وجاتلي رساله الاشتراك بنجاح جه بيقولي انتهت صلاحيه العرض باقات كونكتدا معناه,Mobile Voice Plans
اجدد الباقه,Mobile Voice Plans
لوسمحتم كونكت وبعدين لازم الغي الباقه القديمه تجدد تلقائي ولو لغيت الغي # *,Mobile Voice Plans
مشترك كنت وجت رساله العر ينتهي اسبوع التوضيح,Mobile Voice Plans
انتوا خليتونا متعودين اسبوع ينزل عرض نت دا شحنت الباقه مرتين وخلصت الباقه التالته عايزين عروض اسبوع,Mobile Voice Plans
باقات المكالمات المتاحه وعاوزه احول نظام yes ل باقه مكالمات شهريه,Mobile Voice Plans
سعر الباقه زاد والخدمه وحشه معايا ايفون وعايز اخليه Gبدلا G,Mobile Voice Plans
مشترك عرض حكايه ج مارس وامبارح باعالي رساله هتتجدد بكرا ؟,Mobile Voice Plans
احول باقه double ل max بالنسبه ل usb modem وهل مصارف هتتخصم,Mobile Voice Plans
عندی عرض الباقه اللی بنص التمن,Mobile Voice Plans
اذنكم نظام ج طول واتصلت سيتم تحويلكم بعدنص ساعه ومفيش بتيجي فايده نظام ميكس اليومي احول,Mobile Voice Plans
شحنت الباقه قالي جاري تنفيذ طلبكم واتستنيت نص ساعه مجاش اعملها تاني جه رساله بيقولي الغاء طلبك جاي,Mobile Voice Plans
العرض بتاع مكمل شحنت هيخلص ديسمبر,Mobile Voice Plans
هوا عرض الميه خصم الباقه الشهريه,Mobile Voice Plans
باقه كونكت بلاحدود بتفضل شغاله طول فيس واتس,Mobile Voice Plans
سمحتو عرض الصيف بتاع ضعف النت لازم # * اختار الفتر الصباحيه المسائيه,Mobile Voice Plans
امبارح بحاول باقه مكالمات حكايه ومعايا رصيد واكلم واختار عادي وتقولي الباقه هتتغير دقيقه واستني رساله وعملتلها امبارح مرات ومفيش رسايل بتيجي جربت دلوفتي وعدي نص ساعه وبردو بصراحه الخدمه بقت وحشه جدا,Mobile Voice Plans
عرض ضعف الباقه,Mobile Voice Plans
نظام الحفله وكيفيه الاشتراك والافاده اذن,Mobile Voice Plans
اشترك عرض الباقي ابعت رساله مكتوب رقم كم ل,Mobile Voice Plans
نظام حكايه ؟,Mobile Voice Plans
سمحتوا اشترك الباقه بعتولي رساله فشلت المحاوله لوجود دوبل سيرفس النظام اليومي,Mobile Voice Plans
جددت باقه ج وجاتلي رساله بالباقه الاساسيه فقظ يذكر شييء ضعف الميجابايتس,Mobile Voice Plans
شاري الخط جديد وعايز اشترك نظام قرش ومش راضي يشترك,Mobile Voice Plans
مشترك باقه حكايه بتدي وحده تستخدمهم تحب الغي النت,Mobile Voice Plans
اشتركت باقه هاخد ميجا اساسيه ميجا هديه اختار سوشيال ستريمنج استفيد بالاثنين,Mobile Voice Plans
معا خط دايت اغيار الباقه اعمله اعلي معي,Mobile Voice Plans
شاحن باقه كونكت اتنتهي واريد الاستعلام الباقات الجديده,Mobile Voice Plans
عرض خمسه اضعاف شحنتك,Mobile Voice Plans
شهر جيجا بيت وكل شهرادفع جنيه وله ادفع,Mobile Voice Plans
للاسف مشترك باقه انتر نت الفل سريعهفوق الممتازه وللاسف دخلنا اهوه والانترنت ضعيف جدا جدا بعرف افتح فيس بوك هغير لاي شبكه تانيه,Mobile Voice Plans
صلاحيه باقه النت جنيه بتدي جيجا شهر شهور الموبايل الرجاء السريع,Mobile Voice Plans
عرض بيدي ساعه شهريا لاتصالات وساعه للارقام الاخري الاشتراك السنوي جنيه العرض دا اسمه ؟,Mobile Voice Plans
سمحتوا اغير نظام خطي نظام قرش نظام الاشتراك الشهري للاهميه,Mobile Voice Plans
اريد التحويل نظام يخدم اكسترا,Mobile Voice Plans
عرض رمضان طول,Mobile Voice Plans
باقه حكايه والدقايق للشبكات التانيه خلصت ومعايا دقايق كتير احول الدقايق للشبكات التانيه ؟ ؟,Mobile Voice Plans
السلام عليكم الغي النظام واشترك نظام كله قرش,Mobile Voice Plans
بالنسبه لخصم % باقات كونكت العرض مستمر بيجي اوقات واقات,Mobile Voice Plans
اشتركت باقه اكسترا سوشيال وجالي رساله بنجاح الاشتراك بتفتح معايا ؟ ؟,Mobile Voice Plans
عرض ضعف الميجا,Mobile Voice Plans
الاجهزه العروض حضرتك بتكون مقفوله ؟ Locked ? ?,Mobile Voice Plans
يافندم اتصلت وحولت لنظام حكاوي قالي انتظر رساله تاكيد غضون مده نص ساعه بقاله ساعه ومجاتش الرساله,Mobile Voice Plans
تجيلي رساله اتكلم دقيقه وخد تاني نص ساعه ببلاش وبتكلم ومش باخد نص الساعه,Mobile Voice Plans
عرض شاهد بلس اشتركت هايبقا مشاهده مسلسلات ادخل الفيس واتس وكده ؟,Mobile Voice Plans
اذنك خط داتا عرض ضعف الباقه باقات منحز ؟,Mobile Voice Plans
نظام خدمه اقدر بيها اختار رقم لاتصالات اكلمه براحتي طول ياريت نظام كدا,Mobile Voice Plans
اشترك باقه تورنيدو الخط الارضي وهل السعر دائم عرض لفتره وبعدين السعر بيتغير,Mobile Voice Plans
عرض ضغط النظام متاح لعملاء اهلا نظام وازاي احول نظام اهلا,Mobile Voice Plans
احول لنظام ميني كنترول للخطوط الجديده فقط,Mobile Voice Plans
الباقه خلصت معادها الشهري وعايز اجددها شحنت وماتجددتش اجددها نظام حكايه جنيه,Mobile Voice Plans
ميعاد تجديد الباقه فاضل الغي الباقه واشحن واشترك الباقه,Mobile Voice Plans
اشتركت باقه اختار شحنتك دقائق جنيه دقيقه وعايز الغيها ؟,Mobile Voice Plans
هوا اتاخرت تجديد اشتراك حكاوي هيتحسب الجديد تجديد الاشتراك المعاد القديم ؟ ؟,Mobile Voice Plans
مشترك باقه اصاله الغي الاشتراك,Mobile Voice Plans
اشترك عرض دقيقه بجنيه لمده ارب,Mobile Voice Plans
سمحتو باقه مكالمات عامله باقه كونكت ومش اخسر الباقه يبقي شغالين النظام والشروط اتبعها الرجاء للاهميه,Mobile Voice Plans
يافندم عرض هوه بليل ل المغرب دقيقه اعمله ؟ ؟,Mobile Voice Plans
تجديد باقه حكايه ميكس ؟,Mobile Voice Plans
اشترك نقط more بيحصل حاولت كذا,Mobile Voice Plans
الغاء نظام مكيس ورجي نظام اهلا,Mobile Voice Plans
نظام حكايه ودقايق الشبكات التانيه خلصت بكلم الدقيقه كده دقايق جات حد معين وقفت ولسه معايا دقيقه ينفع يتحولو لدقائق شبكات تانيه,Mobile Voice Plans
مشترك نظام حكايه ميعاد التجديد وشحنت يجدد الباقه كود تجديد الباقه ؟,Mobile Voice Plans
شاري خط جديد واشتركت ضعف الباقه حكايه ومجليش ضعف الباقه الحل,Mobile Voice Plans
كنت عامل باقه سوبر سوشيال وجالي تجديد الباقه ولديك شهر عليك وشهر علينا اجدده ببلاش,Mobile Voice Plans
السلام عليكم الفرق باقه السوشيال وباقه الستريمنج ارجاء ارد,Mobile Voice Plans
ينفع اكون نظام دماغ تانيه واشترك باقه سوبر كونكت ؟,Mobile Voice Plans
الغي الباقه الشهريه ازي,Mobile Voice Plans
كيفيه الغاء باقه منيو السوشيال,Mobile Voice Plans
الغي خدمه مسابقه الدينيه,Mobile Voice Plans
سمحتوا اجدد باقه حكايه ميكس اجددها كود التجديد بسرعه فضلكم,Mobile Voice Plans
يافندم مشترك باقه جنيه اسبوعيا قروش هينفع معاها الباقه الشهريه يتم,Mobile Voice Plans
لوسمحتم مني راوتر اشتري شريحه هل هتكون منجز الجديد هاتكون عاديه ولكم جزيل الشكر,Mobile Voice Plans
اشترك عرض كله جنيه ماجي اشترك يقولي العرض منور لنظام خطك العلم كنت مشترك كده,Mobile Voice Plans
خط سمارت كنترول بتشحن جنيه وتاخد لاتصالات وNUM للشبكات الاخري الخدمه لفتره محدوده مدي الحياه,Mobile Voice Plans
لما احول لنظام فريهات هيبقي هديه اوصل لجنيه التوضيح,Mobile Voice Plans
العروض مشاركين شان يشحن والرصيد بيتسحب دايما اتكلم,Mobile Voice Plans
بتكلم كتير نظام مناسب,Mobile Voice Plans
معايا خط داتا ومشتركه باقه منجز وخلصت الموعد وعايزه اجددها,Mobile Voice Plans
اشتركت خدمه اكسترا تكلمت دقيقه احصل ساعتين صباحا الساعه الغي هزه الخمه واشكركم مجهوداتكم الرائعه,Mobile Voice Plans
باقه Super Social Unlimited وعايز باقه اضافيه اكستر هل ينفع ؟ وهل ميجا لجميع المواقع,Mobile Voice Plans
عملتها امبارح وجالي الضعف الضعف هيبقي معايا كله,Mobile Voice Plans
هوا بلس ؟ ؟ وبشترك ؟ ؟,Mobile Voice Plans
الباقه الشهريه اكلم ؟ :),Mobile Voice Plans
بخش لينك اللعبه بيقولي bage not found,Mobile Voice Plans
العرض وازاي اشترك,Mobile Voice Plans
امبارح الباقه ميجا اتجددت تلقائيا نظام الضعف هيبئي,Mobile Voice Plans
بالنسبه للنظام الميجات الاضافيه احمل وبتبقي سرعتها ؟,Mobile Voice Plans
اشتركت عرض ريح بالك دقيقه لاتصالات مجاش ليا رساله تاكيد اني مشتركه برجاء,Mobile Voice Plans
كنت مشتركه باقه كنترول ولما شحنت الباقه اتلغت لوحدها,Mobile Voice Plans
استعملت اد اه الباقه,Mobile Voice Plans
انتو نزلتو عرض الباقه جنيه وعليها سوبر سوشيال لما شحنت وجددت الباقه ماخذتش ميجا,Mobile Voice Plans
عرض ضعف الباقه فاتنه امبارح قله الرسائل امتا العرض القادم,Mobile Voice Plans
اخد الضعف الاشتراك الباقه الاشتراك,Mobile Voice Plans
هشترك جيجا وربع تبقا جيجا ونص بنفس التمن جنيه ؟,Mobile Voice Plans
الغي نظام دقيقه بجنيه #اتصالات مصر,Mobile Voice Plans
فكره العرض فات شحنت الباقه ومجليش الضعف كده واضح بتضحكو علينا,Mobile Voice Plans
نظام حكايه دقايق الشبكات الاخري خلصت معايا دقايق لاتصالات احول دقايق للشبكات التانيه,Mobile Voice Plans
نقاط مور ابدله بجهز بلاستشين فرع شركاء,Mobile Voice Plans
عروض خصومات ضعف الباقه للنت قريب,Mobile Voice Plans
سمحتوا مشتركه باقه مكالمات والباقه خلصت معاد التجديد اجددها تاني,Mobile Voice Plans
اقدر اجدد نظام حكايه العلم اني كنت مشترك معاد التجديد مجاش,Mobile Voice Plans
محول رصيد بي مرتين وعملت باقه شاهد ومش شغاله,Mobile Voice Plans
وكمان الغي اشتراكي حكمت,Mobile Voice Plans
باقه الميني سوشيال المجانيه لمده اسبوع هل ليا استخدام محدد وللا مفتوحه استخدم فيس بوك واتس اب براحتي ؟ وهل الباقه اسبوع ساعه اشتراكي وللا بتنتهي تاريخ معين ؟,Mobile Voice Plans
رد برساله فاضيه لتستمتع دقيقهلاتصالات وميجابايت وكمان دقيقه للشبكات الاخري جنيه صالحه الغي العرض لوسمحتوا,Mobile Voice Plans
سمحتو هوا نظام شهري بيديني اكبر الدقايق للخطوط الاخري وممكن التفاصيل سمحتو,Mobile Voice Plans
عرض شحنه بقت بنشترك وهل الرصيد الاساسي يتفضل بتنتهي فتره العرض,Mobile Voice Plans
سمحتوا الغي باقه الميني سوشيال,Mobile Voice Plans
عامل باقه وخلصت وميعاد تجديدها وعاوز ؟ ؟ جددها تاني لازم استني اجددها عادي,Mobile Voice Plans
هوه عرض ضعف الباقه والا خلص,Mobile Voice Plans
صوم مقبول شاءالله صغير باقه سوبر كونكت نعرف الاستهلاك,Mobile Voice Plans
مشترك حكايه مكس امنع استخدام الفلكسات للكلتون والنت هل يوجد كود,Mobile Voice Plans
نظام سوبر يس ؟ ؟ وعايز اشترك باقه مكالمات شهريه الانظمه المتاحه ؟ ؟,Mobile Voice Plans
عامله باقه بشحن جنيه بيديني دقيقه لاتصالات لاي شبكه بتجدد,Mobile Voice Plans
مشترك باقه النت المحدوده اجدد الباقه ميعادها,Mobile Voice Plans
عملاء كونكت الجدد ؟ ؟ ولو شحنت هتكون بنص التمن وا باليل كنت بعمل باقه وNUM ودلوقتي لاغيه الباقه عملت باقه هتكون بنص التمن ؟ ؟,Mobile Voice Plans
والله حرام بيحصل عملت باقه كونكت وعملت الغاء المواقع مجانيه بربع جنيه جنيه رصيد سرقتوهم شحنت تاني وعملت الغاء المواقع الغير مجانيه تاني مرتين وتخمصوا ربع ومجتش رساله تاكيد واتفجئت انكم سرقتم التلاته جنيه كمان,Mobile Voice Plans
اجدد باقه حكايه ميكس,Mobile Voice Plans
جددت الباقه ضعف العرض ؟ ؟,Mobile Voice Plans
اشتريت امبارح خط وعملت باقه شهريه وقالولي الخط ساعه ويشتغل امبارح لنهارده مشتغلش,Mobile Voice Plans
نظام السنوي بالتقسيط اروح الفرع,Mobile Voice Plans
فضلك مشترك باقه انترنت جنيه الغي الباقه واشترك الباقه بتاع انهرضا الرجاء بتفاصيل مختصره ومفهومه ؟ وشكرا :,Mobile Voice Plans
وكيفيه الاشتراك,Mobile Voice Plans
مشترك باقه هل ينفع الغيها واعمل باقه غيرها واشترك العرض ؟,Mobile Voice Plans
مشترك عرض جنيه شهور فشحنت فجالي جنيه اشتركت باقه وتلاتين الجديده فبستخدم النت فبيسحب الباقه جنيه مددتها وكده هتروح عليا استخدم النت بيها وميسحبش الباقه استخدم جنيه الباقه الرجاء,Mobile Voice Plans
تفاصيل النظام ونظام حكايه بتاع المكالمات كله,Mobile Voice Plans
حضرتك كنت مشترك عرض مودك ‏ الغيه ‏ حضرتك تقولي ؟,Mobile Voice Plans
استعلم باقه النت اتصل رد ازنكم ☺ الاكواد الاستعلام,Mobile Voice Plans
معاد تجديد نظام حكايه وعدد الدقايق اللس فاضله النظام,Mobile Voice Plans
نظام بيزنس ياريت هنا لينكات لان باقتي سوشيال,Mobile Voice Plans
اناشتركت الباقه الجديده,Mobile Voice Plans
حولت حكايه ومشترك كونكت الباقه هتتلغي هتفضل,Mobile Voice Plans
كنت عامل باقه سوبر كونكت وبعدين لغتها باقه جديده ملقتش الرصيد سمحتوا,Mobile Voice Plans
مشتركه باقه نت وعايزه نظام حكايه مجدده باقه النت,Mobile Voice Plans
حولت دقايق الشبكات التانيه باقه حكايه الدقيقه ومع بيسحب الرصيد العادي حاله اني اكلم رقم,Mobile Voice Plans
فضلك تجديد مبكر لباقه حكايه مكس ومش عارف توضيح فضلك ؟,Mobile Voice Plans
اشترك عرض تقسيم لفترات قرش,Mobile Voice Plans
مصر الجمعه ضعف الباقه نصف التمن,Mobile Voice Plans
سمحتوا ي جماعه قلت ميت طريقه الغي الاشتراك عرض دقيقه رساله ميجا وكل مابعت ل ل فشل ولما اجي اتابع اللينك بتقولوا مبيفتحش طريقه ضروري ؟ ؟,Mobile Voice Plans
كيف تغير نظام نظام اخر,Mobile Voice Plans
مشترك باقه السوشيال اليوميه وعايز الغيها اشترك الباقه ويتريت ترد عليا بسرعه,Mobile Voice Plans
مشتركه باقه حكايه وباخد دقيقه لاتصالات دقيقه شبكات تانيه ينفع احول دقائق الشبكات التانيه,Mobile Voice Plans
السلام عليكم باقتي حكايه مكالمات فقط المفترض دقيقه التجديد مباشره ارسال دقيقه فقط اين دقيقه ؟,Mobile Voice Plans
حضرتك الباقه شطبت خالص ومش بتحمل صور ولسه مجاش معاد تجديدها ينفع الغيها واشترك جديده,Mobile Voice Plans
فضلك الرساله وصلتني انتهاء المكالمه ( ( رد تكلم دقيقه لكل الشبكات جنيه ) ) تفاصيل,Mobile Voice Plans
العرض شامل الاكسترا ? ?,Mobile Voice Plans
عرض خصم % انتهي ؟ !,Mobile Voice Plans
مشترك نظام حكايه ازي اخلي الدقيقه لاي شبكه دقايق لاتصالات,Mobile Voice Plans
حضرتگ عرض ( رقمگ المجاني ) خلاله بتقدر تحط رقم بتگلمه مجانا ج وخدمه الفاتوره معلومات الخدمتين دول وازاي احول للفاتوره العلم اني نظام فاتوره وشگرا,Mobile Voice Plans
كونكت كمان ؟ ولو بدري معادي اجدد لازم اخرج الخدمه وادخل,Mobile Voice Plans
اشتركت الباقه سوبر جتلي رساله استهلكت ٪ الاساسيه كدا باقي معايا ٪ معايا باقه الاضافيه,Mobile Voice Plans
كنت مشترك باقه كونكت وجه ميعاد التجديد اجددها قالولي عفواهذه الخدمه غغير متاحه لخطك,Mobile Voice Plans
كنت اشتركت نظام حكايه ابعت منه رسايل sms مينفعش,Mobile Voice Plans
باقه فيديو ومزيكا ببلاش اتلغت والا ؟,Mobile Voice Plans
نظام كونكت ابو جنيه دا بيشتغل انترنت سوشال تفاصيل كامله وازاي اشترك,Mobile Voice Plans
نزلت البرنامج مي ومخدتش الجيجا,Mobile Voice Plans
وعاوز كمان الباقه ام جنيه سوبر سوشيل نظامها والميجا,Mobile Voice Plans
العرض دا ساري الباقه الاضافيه,Mobile Voice Plans
عروض الباقات الشهريه,Mobile Voice Plans
مشكله اشتركت باقه كونكت بالتقسيط ولما بطلب * # وبختار نص النهار وساعات نص الليل بتتسحب الباقه الفري وكله باقه كونكت الاساسيه وحتي جربت ابلكيشن ومفيش نتيجه,Mobile Voice Plans
اشتركت عرض رمضان وعاوزه الرساله الاشتراك بتتبعت الشحن,Mobile Voice Plans
ياجماعه محتاج مساعده الغي الباقه بتاعتي واشحن باقه,Mobile Voice Plans
احول نظام لنظام,Mobile Voice Plans
الباقه الاساسيه خلصت ولسه الباقه المجانيه ميجابيتس هل هستمتع باستخدام الباقه الميجا بيتس المجانيه هتروح عليا,Mobile Voice Plans
العرض ساري طول ؟,Mobile Voice Plans
الباقه منجز تتجدد ميعاد الانتهاء شهور ؟,Mobile Voice Plans
يفع احول الدقايق معايا لاي رقم تاني ؟,Mobile Voice Plans
معايا خط جديد نظام حكايه ميكس بيعطي ميكس اغير النظام ل كله قرش وشكرا,Mobile Voice Plans
اشترك نظام مكالمات بالثانيه,Mobile Voice Plans
حضرتك مشترك باقه سوبر سوشيال بلا حدود السرعه ضعيفه جدا جدا جدا ارجوا,Mobile Voice Plans
انتهت صلاحيه دقيقه نظام فريهات لخطك هل مؤقتا وممكن استفيد بالهديه تاني لازم اخد هديه تانيه,Mobile Voice Plans
ل وسمحت مشكله يتكرر معمل الباقه النت يبقي ويكبيديا يفصل,Mobile Voice Plans
ضعف الميجابيتس باقات كونكت الجديدهاطلب # * ببلاش اسعار وميجابايت باقه ؟ #اتصالات مصر,Mobile Voice Plans
اشترك فل لعرض بياخد جنيه شهريا دقيقه وعايز اشترك تقولي اشترك ازي,Mobile Voice Plans
سمحتوا نظام حكايه احول نظام حكايه وكام رقم التحويل,Mobile Voice Plans
كنترول وعايز احول نظام حكايه ميكس لما بشحن بتتجدد الباقه طول,Mobile Voice Plans
باقه شهريه معقوله تديني الاقل ج ودقايق لاتصالات وللارقام التانيه متدخلنيش لينكات والنبي اذكر عرض,Mobile Voice Plans
اشتركت عرض باقتين بسعر باقه الباقه الاساسيه خلصت معاد التجديد الباقه التانيه هتشتغل ؟ اشتركت,Mobile Voice Plans
عامل باقه سوشيل ميديا جنيه شهريه بفتح فيس الاقي بيتسحب الرصيد عامل باقه بياخدو الرصيد وشكرا العلم شركه احسن الشركات,Mobile Voice Plans
مجدده باقتي امبارح اشترك ونبي,Mobile Voice Plans
ممكين حد يفيدنا ازنكوم احدث عريض الشهريه ممكين رساله فيا التفصيل والاسعار,Mobile Voice Plans
اناشترت خط هوا اصلا معمول نظام حكايه تشحنو ولكن اشترتوا منوقالي نصف ساعه اتكلم علشان العرض يفتح معاك قلت ماشي وبعدساعه ونصف بتكلم لقيت الباقه اشتغلتش روحت للاسنترال قالي اشتركلي جديد الدور اتكلم دقائق وقفلت لقيت الباقه مقرره مرتين بدلامن لقيت هل انالوعملته هينفع تكون مرتين,Mobile Voice Plans
كنت عامله نظام حكاوي ولاغيتوا كده بقا نظام,Mobile Voice Plans
عروض النت المتاحه وياريت فرصه,Mobile Voice Plans
كونت شترك جنيه خط الفلاشه ابعت رساله رقم,Mobile Voice Plans
عروض بتيجي ولسه جايبه خط,Mobile Voice Plans
الباقه المفتوحه الرواتر,Mobile Voice Plans
كنت مشترك باقه جنيه شحنت اتجددت الباقه ام جنيه الغيها واشترك باقه,Mobile Voice Plans
عملت الباقه الجديده نازله عرض جنيه وعليها جنيه ماشحنها لاربع الراجل عملهالي معملها قلي الاساس ولو خلص العرض اشحن علشان تاجددها وتفضل,Mobile Voice Plans
عرض رسايل كويس,Mobile Voice Plans
انظمه المكالمات الدوليه اذنك,Mobile Voice Plans
عروض تليفونات ؟ ؟ انتم احسن بكتير وهما عملوا عروض ملهاش حل,Mobile Voice Plans
سمحتوا عرض طول بجنيه ام اعمله العرض متوفر لنوع خطك الحل,Mobile Voice Plans
السلام عليكم الهديه بتيجني عرض فريهات مدتها اد,Mobile Voice Plans
سمعت مشترك خدمه ترفيهيا الغاء,Value Add Services
لوسمحتوعايز اعرقم رقم الخط بتاعي اعرفه,Value Add Services
يجماعه كود اتغير,Value Add Services
الغي الاخبار ناسي بالظبط,Value Add Services
رحت حولتي خطي شركه تانيه ليكم يومين ومخدتش,Value Add Services
بقولك ينفع اقلب خط موبنيل معايه بنفس الرقم,Value Add Services
نظام كنترول نانو اغير الرقم المفضل ؟,Value Add Services
الهديه جاتلي الكود متفعليش,Value Add Services
طرق تسجيل الخط علشان الخط متسجل اسم تاني وهل امكانيه حد ينوب عنه تسجيل الخط بالبيانات الجديد لازم شخصينا,Value Add Services
سمتحم الغي الاشتراك مسابقه دقيقه كسبان فورا,Value Add Services
الغي خدمه رسايل اشتركت بالغلط ؟ ؟,Value Add Services
كيف تحديد الرقمين المفضلين بنظام كنترول نانو,Value Add Services
الشرقيه,Value Add Services
بتجيلي رساله بالطقس weather الغيها,Value Add Services
الغي كوتول,Value Add Services
اشتركت دولفين وعاوز الرقم المفضل بيتعمل ؟ ؟,Value Add Services
الغي خدمه الدقيقه الذهبيه,Value Add Services
ازي تحول الخط وضع مكالمات انتظار,Value Add Services
وليه رساله اني مطلوب مني تفصلوا الخدمه,Value Add Services
والنبي حسنوا الشبكه الواحد معتش بيعرف يكمل مكالمه واحده بعضها,Value Add Services
اضيف رقمي المفضل اضيفه استطيع ساعدوني ونظامي دولفين,Value Add Services
شاري خط اسجله ياجدعان ؟ ؟,Value Add Services
ارقام بتتصل بيه بيدلها مشغول طول ومهمش قايمه الرفض,Value Add Services
Orange الغي خدمه my drama,Value Add Services
معاي خط مش عارف رقم الكود رقم بي,Value Add Services
اشترك التجوال,Value Add Services
الساده موظفي اورانج رقمي بتصل منه يقولي فشل التسجيل فما الحل ؟ ؟,Value Add Services
اسمع الكول تون حطاه اتصل ؟ ؟,Value Add Services
مشكله الشبكه شبرا ؟ ؟,Value Add Services
رد الخطوط المميزه انج م م,Value Add Services
كيفيه وضع الرقم المفضل قي باقه دولفين,Value Add Services
خطي مشكله م حد يرن عليا يقوله انتهاء المكالمه الحل,Value Add Services
طريقه الغاء خدمه ain,Value Add Services
خطي جديد اعملايه,Value Add Services
الغي الاشتراك خدمه my darama ؟,Value Add Services
خطي شركات وغير مسجل باسمي وعاوز اغير الشريحه ل g,Value Add Services
اغير اللغه انجليزي عربي,Value Add Services
رقم PUK CODE بيجي منين Orange,Value Add Services
الصوره لشات قديم كنت بشتكي التغطيه لمنطقه وسط الاسكندريه بسيدي بشر لحد دلوقت التغطيه موجوده اطلاقا وكانوا بيقولوا يومين عمل وهتتحل وكل شويه يبعتولي اني اجرب g فكره الخط بتاعكوا معايا دلوقت حد اتصل بيا مكلفوش يتصل بيا خطوط شركات تانيه بالفعل استغنيت عنكم بنسبه %,Value Add Services
احول الخط لداتا,Value Add Services
رقم متصل بيا والرقم اتمسح اجيبو منين,Value Add Services
الرقم السريال كارت الشريحه الخاص بي علشان ضاع مني الكارت ماذا افعل,Value Add Services
الغي الكون تون,Value Add Services
موضوع الرسايل الكتير خنقني,Value Add Services
سمحتو خدمه وعيز الغيه,Value Add Services
الغي الخدمه,Value Add Services
مش عارفه اضيف الرقم المفضل لباقه دولفين اتصلت كذا معرفتش اعملها طريق # #,Value Add Services
اناعايز الغاءخدمه رسائل المطبخ الرقم,Value Add Services
سمحتو شحنه رصيد بتكلم العرض متفتحش انو رصيد رقمي بعته الخاص,Value Add Services
حضرتك معيا الصوره,Value Add Services
عايزا حظر لرقم معين,Value Add Services
كود معرفه البك لاي رقم اورانج,Value Add Services
الغي خدمه my drama,Value Add Services
كيفيه الغاء خدمه VVIDIA VIDEO STOREو اشترك,Value Add Services
الغيها ؟ ؟,Value Add Services
بقالي فتره مشحنتش الخط علشان كنت مسافر فلقيت الخط واقف اشغل الخط خلالكم سمحتو,Value Add Services
خدمه الرسايل ازي الغيه,Value Add Services
حد يرد اعطال الشبكه بالاسكندريه,Value Add Services
ضعيفه g منطقتي,Value Add Services
ياريت تردوا الرسايل,Value Add Services
الخط بيوقف شهر استخدامه ولو ينفع اشغلو تاني ؟ ؟,Value Add Services
كنت الغي الsmsاللي بتيجي مكالمه مش الخدمه بعملها # #لان بتيجيلي رساله عاديه,Value Add Services
خصم جنيه خدمات ترفيهيه افهم,Value Add Services
رقمي الخط مش عارف,Value Add Services
تحويل مكالمات,Value Add Services
الغي خدمه عرب ستورز,Value Add Services
السلام عليكم فضلك عوزه الغي الخدمه مش عارفه واتصلت بخدمه العملاء وبعتولي الرساله دخلت ومعرفتش ومش عارفه اتصرف وكل لازم تسحب رصيد اصلا مشتركتش ومعنديش العاب جهازي برجاء المساعده وشكرا,Value Add Services
معاه خط مسجلو ببطاقطو ينفع يعملي مبايعه فرع والخط يبقا باسمي,Value Add Services
دخلت سحب جنيه وبعت لرقم وقالي سحب ج الرصيد العلم مقالش كده طريقه الغاء الخدمه والخروج السحب وشكرا,Value Add Services
حضرتك رقم بيرن رقمي وعاوز اسم صاحب الرقم ضروري,Value Add Services
رقم الخط كود معين اطلبه يظهرلي رقم الخط,Value Add Services
مشكله لما خد بيبعتلي رسايل بتوصل بقالها مش بتوصل الرسايل النصيه غيرت الموبيل الموضوع,Value Add Services
سمحتو الغي خدمهMy Drama Orange,Value Add Services
اغير الخط اورانج فرع الجيزه امبابه,Value Add Services
سمحتو معايا رقم بتاع خط ضاع مني الخط مش متسجل ببطاقه هل ارجع الشريحه واسجلها ببطاقه رقم قومي,Value Add Services
احول نقط خط فاتوره لخط عادي وبتصل # # مش بتديني اختيارات تحويل النقط خالص,Value Add Services
الشبكه سيئه جدا,Value Add Services
خدمه الكاش,Value Add Services
الكول تون بيتلغي ازا ي,Value Add Services
احول لاورانج بنفس الرقم,Value Add Services
يا حضرتك الشريحه بتاعتكو بايزه ومش مسجلها باسمي بقا ومعيش الكارت الاولاني دا,Value Add Services
خدمه تحوبل المكالمات لما يبقي التليفون مقفول الكود تجيلي message request failed,Value Add Services
الشريحه معتش شغاله وبيقول يلزم الاتصال بمشغل الجوال لالغاء القفل,Value Add Services
الكود بيخلي الخط متاح لما حد يتصل والكود بيفتحه تاني,Value Add Services
رسائل مستلمه نانسي عجرم كيف يتم الغائها العلم بعدم الاشتراك الخدمه,Value Add Services
سمحتو شويه الخط يشترك رسايل تيجي my drama وغيره مش رسايل خالص اشترك خدمه رسايل نصيه,Value Add Services
قلب الغي امكلمات العروض بتجيلي منكم ؟,Value Add Services
اسجل الخط باسمي معايا بقالو خمس سنين,Value Add Services
وعايزه احول اورانج ؟,Value Add Services
الغي خدمه ؟ ؟,Value Add Services
سمحتوا رسايل كتير بتيجي اني مشترك خدمات الغي الاشتراكات بكود,Value Add Services
معي خط احول بنفس الرقم,Value Add Services
معايا رقم حولته وعايز ارجعه اورانج,Value Add Services
كنت مشترك باقه الغيها واشترك باقه ومش عارف الكود,Value Add Services
كود للاستلاف,Value Add Services
شبكه g مش شغاله البساتين,Value Add Services
خطي موقوف وعايز اشغله تاني,Value Add Services
معتيا خط واتقفل برمز,Value Add Services
الغي خدمات بتبعتلي رسايل ماي دراما لانها مخلصالي الرصيد : D,Value Add Services
ياريت تذودوا خدمه منع الرسايل خدمه بلوك علشان نمنع المكالمات والرسايل الارقام,Value Add Services
ارجع الخط بتاعي تاني ضاع مني كده ؟ !,Value Add Services
الغاء اخبار نانسي عجرم ؟ ؟,Value Add Services
الغي خدمه الرسائل امم افريقيا والاسئله,Value Add Services
مش عارفه اشترك خدمه الو البرتقالي طول النهار,Value Add Services
الغي اشتراك ماعادا النت,Value Add Services
كيف اضيف رقم مفضل لباقه دولفين شكرلكم,Value Add Services
الغي الخدمات الادعيه والرسائل وانغام,Value Add Services
مشترك خدمه الابراج وعايز الغيها,Value Add Services
الشبكه ضعيفه جدا النت,Value Add Services
اسعار خطوط الافراد,Value Add Services
ادمج المكالمات كلنا وبيقولي خطا دمج المكالمه ياريت رد اعدادات هتتظبط,Value Add Services
الغي الخدمات علشان خربت بيتي,Value Add Services
الرقم يبقا يرن عليا يبقا متاح,Value Add Services
الخير بلوك لنمره ? !,Value Add Services
سمحتو سعر الخط فروع وسعر استرجاع خط ضاع ؟ ؟ ؟ ؟,Value Add Services
الغي خاصيه فوكس دوبل Orange,Value Add Services
سعر الخط المميز والاقي رقم مميز فين ؟,Value Add Services
حرام عليكم الشبكه,Value Add Services
اشتريت خط جديد والمفروض وشحنت رصيد ومش بردو ؟ ؟,Value Add Services
خدمه ممنوع الازعاج الرقم بتاعها,Value Add Services
معايا رقم كارت شحن مش عارف اكتب الرقم,Value Add Services
الالغي البريد الصوتي,Value Add Services
الغي خدمه NOKTA ضروري ؟ ؟,Value Add Services
الغي خدمه الاهلي ومش عارف الغيها ياريت تلغوها,Value Add Services
رقم اتصل بيا وبعدين مسحته السجل ارجعه تاني ؟ ؟,Value Add Services
الغاء خدمت الدقيقه الذهبيه,Value Add Services
اجدد نظام فوكس دوبل ؟,Value Add Services
كود للشله ياجماعه,Value Add Services
مشكله الاتصال تفعيل التحويل الشرطي ؟,Value Add Services
سمحتو الغئ خدمه معلوماتي الخط بتاعي رقم الالغاء ! ؟,Value Add Services
الغي خدمه الرسايل الدعائيه الاخباريه,Value Add Services
خدمه الغيها ومش اشتركت الشركه اشتركتلي نفسها الغيها مش بستفاد وبتسحب رصيد الفاضي,Value Add Services
برعايه اورانج ببلاش,Value Add Services
الغي خدمه نانسي عجرم ضروري,Value Add Services
كيفيه الغاء الخدمات,Value Add Services
لتغير لغه الخط بالكامل اللغه العربيه فضلك,Value Add Services
ياجماعه الغي خدمه اشتراك اﻻعﻻنات اﻻنترنت اني ابعت رساله رقم واشكركم تعاونكم,Value Add Services
الغي الاشتراك خدمه فوكس ! !,Value Add Services
لس شاري خطين نظام ميجا بلس والخط اتقفلوا بيومين,Value Add Services
شاري الخط فات وبيقول العرض ساري,Value Add Services
الغي خدمه Status Orange,Value Add Services
الغي الكول تون اصلا مشتركتش,Value Add Services
معلومات,Value Add Services
خطي تاني وعايزه السبب,Value Add Services
لوسمحتم جات لي رساله اني مشترك جيم لمده وبعد كده قرش ولو الغي الاشتراك ابعت رساله اشترك,Value Add Services
حضرتك مش عارف اضيف الرفم المفضل لباقات دولفين علشان اضيف الرقم المفضل ؟ ؟,Value Add Services
اشغل الرقم السري الخاص بالنقاط,Value Add Services
موبايلي كتر الرسايل بتبعتوهالي نظام فوكش دوبل اوقفها,Value Add Services
حد يرد الرسايل سمحتوا,Value Add Services
لما باطلب # #مش بتجيني رساله,Value Add Services
الشركه مننا اتغيرت وبرضه الخدمه السيئه مش الخدمه قولوا لنا نحول لاي شركه تانيه لاكن مراتي تبهدله بسببكم ومفيش حل,Value Add Services
اكواد تجديد الباقات وكذلك اكواد الخدمات ؟ ؟,Value Add Services
Lw yzza agdd el data atlop kam,Value Add Services
خطي اتقفل وعايزه افتحه كود البك بتاعي علشان افتحه لاني مش عرفاه ياريت تساعدوني,Value Add Services
الخط بتاعي فاتوره ومدفعتش الفاتوره شهر والخط استعلم الفلوس المفروض ادفعها بتصل بخدمه العملاء وبستعلم خطي الرساله المسجله بترد رقمي بالخدمه ؟ ! !,Value Add Services
وبالنسبه لقطع الخدمه مناطق اسكندريه تعويض لينا ساعه الفلوس متنسوش تبعتو رسائل لتذكره العملاء بميعاد الدفع,Value Add Services
عوزه الغي خدمه MyDrama الغيها ازي,Value Add Services
يا Orang مشكله كبير الخط تساعدوني بليزز,Value Add Services
معايا خط عادي وعايز احوله داتا ينفع,Value Add Services
I just bought a new line from your official branch and the line does not have any contact what should i do,Value Add Services
الغي خدمه دقيقه كسبان ! !,Value Add Services
اضيف الرقم الخاص دولفن,Value Add Services
الغي خدمه Info بتسحب الرصيد يوميا,Value Add Services
ماليش الكوره اصلا وبتجيلي رسايل كتير موبايلي والمصيبه حسابي امنع الرسايل ارجوكم حد يرد عليا رصيد طار كله الرسايل,Value Add Services
الغي رسائل خدمه samozeen,Value Add Services
كنت سمعت خط اسمه بزنس بيدي دقيقه لموبينيل وNUM لاي خط تاني نزل,Value Add Services
يوجد شبكه بالمنطقه,Value Add Services
حولت لاورانج والخط اشتغل امبارح Orange,Value Add Services
جايبه الخط شهر حرام كده,Value Add Services
اذن حضرتك كود الاغاء خدمه my drama,Value Add Services
الغي خدمه game on,Value Add Services
رقم الالغاء عندكم,Value Add Services
حد س محتو يااصدقائي يعرف احول رصيد تليفون تليفون تاني اورانج,Value Add Services
بيتم خصم يومي رصيدي بكلمه خدمات ترفيهيه مش مشترك خدمات رجاء Orange,Value Add Services
اقدر احول وازاي Orange,Value Add Services
اخلي الخط g وايه التكلفه,Value Add Services
خدمه Gهتشتغل التجمع امته,Value Add Services
سحمت احول خطي بنفس الرقم لموبينيل,Value Add Services
خدمه استاتس بتخصم شهر,Value Add Services
كود الشحن فوري بيتكون رقم ؟ ؟,Value Add Services
السلام عليكم مسافر سايب التليفون مصر فضاع فعاوز ارجع الخط البطاقه مصر الشهد للتجاره والتوريدات احمد قاسم حسن اسماعيل,Value Add Services
سمحتو انتو بعتولي برساله معاك حلمك ومتابعه الايميل انكم هتتبنو مشروعي عباره طواف دراجات عجله بيها مصر والعالم ولكن مش عارف اتابعكم الايميل برجاء التواصل طريق هاتف مباشر وشكرا,Value Add Services
اشتركت باقه ج ومش عارف اضيف باقه السوشيل طريق # #,Value Add Services
احول رقمي لموبنيل بنفس الرقم ولوينفع,Value Add Services
التغير مجاني,Value Add Services
باقه دولفن وعاوز اضيف الرقم المفضل وبيقولي ينفعش اضيف الرقم ومعرفش السبب,Value Add Services
فاتوره لازم اغير الخط ينفع اعملها بنفس الخط عادي ؟ والاسعار !,Value Add Services
مبروك خطي ضاع وعاوز ارجعه,Value Add Services
يافندم معيه خط الشركت الاخر وعوز اجيب خط زيو ارنج وحد زيو مش احول الخط ﻷ,Value Add Services
والله حرام اشتريت خط شهر لحد مش يشتغل,Value Add Services
احول خط ل اورانج الخطوات,Value Add Services
رقم معايا اتقفل وعاوز ارجعه الخطوات والمطلوب ؟,Value Add Services
كود الغاء خدمه الكول تون,Value Add Services
اضرب كود معين للاستفاده,Value Add Services
الغي خاصيه The game,Value Add Services
مشكله اس ماكس ومحدش حلها امبارح وكمان بتوعدوا بمكالمه لاحقه ومش بتحصل مش عارف الخدمه بقت اسوا بقيتوا اورانج احسن بكثير لنك اس بتكلم خبرات الافراد الدعم الفني,Value Add Services
انقل خطي لاورنج مميزات لورنج,Value Add Services
رقم خدمه,Value Add Services
افهم الخدمات الترفيهيه خط مشتركه الملاهي,Value Add Services
الدقيقه الذهبيه نفسي الغياها,Value Add Services
شاء الله مسافر عمره السعوديه ماهو نظام خدمه التجوال وكيفيه الاشتراك وسعر الدقيقه شامل الضريبه واسم الشبكه تتعاملون معها السعوديه,Value Add Services
اشترك خدمه لما تليفون مقفول وحد رن عليا تجيلي رساله,Value Add Services
